fs.costing.land_cost_percent_FCI,fs.costing.working_capital_percent_FCI,fs.costing.salaries_percent_FCI,fs.costing.benefit_percent_of_salary,fs.costing.maintenance_costs_percent_FCI,fs.costing.laboratory_fees_percent_FCI,fs.costing.insurance_and_taxes_percent_FCI,fs.costing.utilization_factor,fs.costing.electricity_cost,fs.costing.electrical_carbon_intensity,fs.costing.plant_lifetime,fs.costing.wacc,fs.costing.capital_recovery_factor,fs.costing.heat_cost,fs.costing.acetic_acid_cost,fs.costing.activated_carbon_cost,fs.costing.alum_cost,fs.costing.anhydrous_ammonia_cost,fs.costing.ammonia_cost,fs.costing.anthracite_cost,fs.costing.anti-scalant_cost,fs.costing.cationic_polymer_cost,fs.costing.caustic_soda_cost,fs.costing.chlorine_cost,fs.costing.ferric_chloride_cost,fs.costing.hydrochloric_acid_cost,fs.costing.hydrogen_peroxide_cost,fs.costing.ion_exchange_resin_cost,fs.costing.lime_cost,fs.costing.phosphoric_acid_cost,fs.costing.sand_cost,fs.costing.sodium_bisulfite_cost,fs.costing.sodium_chloride_cost,fs.costing.sulfuric_acid_cost,fs.costing.catalyst_ATHTL_cost,fs.costing.polymer_cost,fs.costing.magnesium_chloride_cost,fs.costing.catalyst_HTG_cost,fs.costing.hydrogen_product_cost,fs.costing.filtration_media_cost,fs.costing.filtration_media_disposal_cost,fs.costing.disinfection_solution_cost,fs.costing.struvite_product_cost,fs.costing.aggregate_capital_cost,fs.costing.aggregate_fixed_operating_cost,fs.costing.aggregate_variable_operating_cost,fs.costing.aggregate_flow_electricity,fs.costing.aggregate_flow_costs[electricity],fs.costing.total_capital_cost,fs.costing.total_operating_cost,fs.costing.coag_and_floc.capital_mix_a_parameter[default],fs.costing.coag_and_floc.capital_mix_b_parameter[default],fs.costing.coag_and_floc.capital_floc_a_parameter[default],fs.costing.coag_and_floc.capital_floc_b_parameter[default],fs.costing.coag_and_floc.capital_coag_inj_a_parameter[default],fs.costing.coag_and_floc.capital_coag_inj_b_parameter[default],fs.costing.coag_and_floc.capital_floc_inj_a_parameter[default],fs.costing.coag_and_floc.capital_floc_inj_b_parameter[default],fs.unit.properties[0.0].flow_mass_comp[H2O],fs.unit.properties[0.0].flow_mass_comp[tss],fs.unit.alum_dose[0.0],fs.unit.polymer_dose[0.0],fs.unit.anion_to_cation_polymer_ratio[0.0],fs.unit.anionic_polymer_dose[0.0],fs.unit.cationic_polymer_dose[0.0],"fs.unit.chemical_flow_mass[0.0,alum]","fs.unit.chemical_flow_mass[0.0,polymer]",fs.unit.rapid_mix_retention_time[0.0],fs.unit.floc_retention_time[0.0],fs.unit.rapid_mix_basin_vol,fs.unit.floc_basin_vol,fs.unit.num_rapid_mixers,fs.unit.num_floc_mixers,fs.unit.num_rapid_mix_processes,fs.unit.num_floc_processes,fs.unit.num_coag_processes,fs.unit.num_floc_injection_processes,fs.unit.velocity_gradient_rapid_mix[0.0],fs.unit.velocity_gradient_floc[0.0],fs.unit.power_rapid_mix[0.0],fs.unit.power_floc[0.0],fs.unit.electricity[0.0],fs.unit.costing.capital_cost,fs.costing.total_investment_factor,fs.costing.maintenance_labor_chemical_factor,fs.costing.aggregate_direct_capital_cost,fs.costing.maintenance_labor_chemical_operating_cost,fs.costing.total_fixed_operating_cost,fs.costing.total_variable_operating_cost,fs.costing.total_annualized_cost,fs.costing.land_cost,fs.costing.working_capital,fs.costing.salary_cost,fs.costing.benefits_cost,fs.costing.maintenance_cost,fs.costing.laboratory_cost,fs.costing.insurance_and_taxes_cost,fs.costing.LCOW,fs.costing.LCOW_component_direct_capex['fs.unit'],fs.costing.LCOW_component_indirect_capex['fs.unit'],fs.costing.LCOW_component_fixed_opex['fs.unit'],fs.costing.LCOW_component_variable_opex['fs.unit'],fs.costing.LCOW_aggregate_direct_capex[CoagulationFlocculationZO],fs.costing.LCOW_aggregate_indirect_capex[CoagulationFlocculationZO],fs.costing.LCOW_aggregate_fixed_opex[CoagulationFlocculationZO],fs.costing.LCOW_aggregate_variable_opex[CoagulationFlocculationZO],fs.costing.LCOW_aggregate_variable_opex[electricity],fs.costing.SEC,fs.costing.SEC_component['fs.unit'],fs.unit.properties[0.0].flow_vol,fs.unit.costing.cost_rapid_mix,fs.unit.costing.cost_floc,fs.unit.costing.cost_coag_inj,fs.unit.costing.cost_floc_inj,fs.unit.costing.cost_factor,fs.unit.costing.direct_capital_cost,fs.unit.properties[0.0].dens_mass,fs.unit.properties[0.0].visc_d,flow_mgd,subtype,unit_class,unit
0.0015,0.05,0.001,0.9,0.008,0.003,0.002,1.0,5.9069053497942385e-08,0.475,30.0,0.05,0.06505143508027657,6.1e-06,1.1,3.63759,0.67,1.0,1.0,1.124346,3.49,0.79,1.02,0.44,0.88,0.15,1.53,7.072,0.12,0.97,0.510219804,1.3,0.08,0.14,0,0,0,0,0,0,0,0,0,2635925.647332887,0.0,0.0,0.8009312656705551,548.6758716338043,2771675.818170531,39823.96801689383,7.0814,33269.0,952902.0,177335.0,212.32,73225.0,13662.0,20861.0,43.812636388888876,0.004381263638888888,10.0,0.1,1.0,0.05,0.05,0.00043817017652527756,4.381701765252772e-06,5.5,12.0,0.24099359708890272,31.54825270981999,1.0,3.0,1.0,2.0,1.0,1.0,900.0,80.0,0.19520481364201123,0.6057264520285438,0.8009312656705551,2635925.647332887,1.0515,0.014900000000000002,775272.249215555,39275.29214526002,39275.29214526002,548.6758716338043,220125.45756618658,3953.888470999331,131796.28236664436,2635.9256473328874,2372.3330825995986,21087.4051786631,7907.776941998662,5271.851294665775,0.1591928251433201,0.036472399724585804,0.09392007653078091,0.028403551247829922,0.00039679764012345674,0.036472399724585804,0.09392007653078091,0.028403551247829922,0.00039679764012345674,0.00039679764012345674,0.0050775,0.0050775,0.04381701765252777,33719.8286431713,370553.28817,73963.3639428667,32263.63171150503,3.4,775272.249215555,1000.0,0.001,1.0,default,CoagulationFlocculationZO,coag_and_floc
0.0015,0.05,0.001,0.9,0.008,0.003,0.002,1.0,5.9069053497942385e-08,0.475,30.0,0.05,0.06505143508027657,6.1e-06,1.1,3.63759,0.67,1.0,1.0,1.124346,3.49,0.79,1.02,0.44,0.88,0.15,1.53,7.072,0.12,0.97,0.510219804,1.3,0.08,0.14,0,0,0,0,0,0,0,0,0,2707939.8113365523,0.0,0.0,1.1932241304887863,817.415074066688,2847398.711620385,41165.718262981325,7.0814,33269.0,952902.0,177335.0,212.32,73225.0,13662.0,20861.0,65.27188686507935,0.006527188686507935,10.0,0.1,1.0,0.05,0.05,0.0006527841405376586,6.5278414053765796e-06,5.5,12.0,0.3590312772957122,47.00045811871142,1.0,3.0,1.0,2.0,1.0,1.0,900.0,80.0,0.2908153346095269,0.9024087958792593,1.1932241304887863,2707939.8113365523,1.0515,0.014900000000000002,796452.8856872213,40348.30318891464,40348.30318891464,817.415074066688,226393.09069961793,4061.9097170048285,135396.99056682762,2707.9398113365523,2437.1458302028973,21663.51849069242,8123.819434009657,5415.879622673105,0.10989795390356995,0.025150313923718,0.0647645733849662,0.01958626895476227,0.0003967976401234568,0.025150313923718,0.0647645733849662,0.01958626895476227,0.0003967976401234568,0.00039679764012345674,0.0050775,0.0050775,0.06527841405376586,33940.642672479684,378332.85788591835,74325.01158835243,37848.59418244628,3.4,796452.8856872213,1000.0,0.001,1.489795918367347,default,CoagulationFlocculationZO,coag_and_floc
0.0015,0.05,0.001,0.9,0.008,0.003,0.002,1.0,5.9069053497942385e-08,0.475,30.0,0.05,0.06505143508027657,6.1e-06,1.1,3.63759,0.67,1.0,1.0,1.124346,3.49,0.79,1.02,0.44,0.88,0.15,1.53,7.072,0.12,0.97,0.510219804,1.3,0.08,0.14,0,0,0,0,0,0,0,0,0,2779953.975340218,0.0,0.0,1.5855169953070167,1086.1542764995716,2923121.60507024,42507.46850906882,7.0814,33269.0,952902.0,177335.0,212.32,73225.0,13662.0,20861.0,86.7311373412698,0.008673113734126983,10.0,0.1,1.0,0.05,0.05,0.0008673981045500392,8.673981045500387e-06,5.5,12.0,0.47706895750252165,62.45266352760283,1.0,3.0,1.0,2.0,1.0,1.0,900.0,80.0,0.38642585557704257,1.1990911397299742,1.5855169953070167,2779953.975340218,1.0515,0.014900000000000002,817633.5221588876,41421.31423256925,41421.31423256925,1086.1542764995716,232660.7238330494,4169.930963010327,138997.6987670109,2779.9539753402178,2501.9585778061964,22239.631802721742,8339.861926020654,5559.9079506804355,0.08499642100926322,0.01943090975626932,0.05003653571336914,0.01513217789950129,0.0003967976401234567,0.01943090975626932,0.05003653571336914,0.01513217789950129,0.0003967976401234567,0.0003967976401234567,0.005077499999999999,0.005077499999999999,0.08673981045500394,34161.456701788076,386112.42760183674,74686.65923383815,43433.55665338752,3.4,817633.5221588876,1000.0,0.001,1.9795918367346939,default,CoagulationFlocculationZO,coag_and_floc
0.0015,0.05,0.001,0.9,0.008,0.003,0.002,1.0,5.9069053497942385e-08,0.475,30.0,0.05,0.06505143508027657,6.1e-06,1.1,3.63759,0.67,1.0,1.0,1.124346,3.49,0.79,1.02,0.44,0.88,0.15,1.53,7.072,0.12,0.97,0.510219804,1.3,0.08,0.14,0,0,0,0,0,0,0,0,0,2851968.139343884,0.0,0.0,1.9778098601252476,1354.893478932455,2998844.4985200944,43849.218755156326,7.0814,33269.0,952902.0,177335.0,212.32,73225.0,13662.0,20861.0,108.19038781746026,0.010819038781746029,10.0,0.1,1.0,0.05,0.05,0.0010820120685624199,1.0820120685624195e-05,5.5,12.0,0.595106637709331,77.90486893649425,1.0,3.0,1.0,2.0,1.0,1.0,900.0,80.0,0.48203637654455816,1.4957734835806895,1.9778098601252476,2851968.139343884,1.0515,0.014900000000000002,838814.1586305541,42494.32527622388,42494.32527622388,1354.893478932455,238928.3569664808,4277.952209015826,142598.4069671942,2851.968139343884,2566.7713254094956,22815.745114751073,8555.904418031652,5703.936278687768,0.06997318215567319,0.01598036013458541,0.041151025382570885,0.012444998998393427,0.0003967976401234567,0.01598036013458541,0.041151025382570885,0.012444998998393427,0.0003967976401234567,0.0003967976401234567,0.0050774999999999995,0.0050774999999999995,0.10820120685624202,34382.27073109647,393891.9973177551,75048.30687932388,49018.519124328755,3.4,838814.1586305541,1000.0,0.001,2.4693877551020407,default,CoagulationFlocculationZO,coag_and_floc
0.0015,0.05,0.001,0.9,0.008,0.003,0.002,1.0,5.9069053497942385e-08,0.475,30.0,0.05,0.06505143508027657,6.1e-06,1.1,3.63759,0.67,1.0,1.0,1.124346,3.49,0.79,1.02,0.44,0.88,0.15,1.53,7.072,0.12,0.97,0.510219804,1.3,0.08,0.14,0,0,0,0,0,0,0,0,0,2923982.3033475503,0.0,0.0,2.3701027249434796,1623.6326813653393,3074567.3919699495,45190.96900124384,7.0814,33269.0,952902.0,177335.0,212.32,73225.0,13662.0,20861.0,129.64963829365075,0.012964963829365078,10.0,0.1,1.0,0.05,0.05,0.001296626032574801,1.2966260325748016e-05,5.5,12.0,0.7131443179161407,93.3570743453857,1.0,3.0,1.0,2.0,1.0,1.0,900.0,80.0,0.5776468975120741,1.7924558274314053,2.3701027249434796,2923982.3033475503,1.0515,0.014900000000000002,859994.7951022207,43567.33631987851,43567.33631987851,1623.6326813653393,245195.99009991222,4385.973455021325,146199.11516737752,2923.9823033475504,2631.5840730127957,23391.858426780404,8771.94691004265,5847.964606695101,0.05992315340534054,0.013672061422148584,0.035206925368174824,0.010647368974893686,0.00039679764012345674,0.013672061422148584,0.035206925368174824,0.010647368974893686,0.00039679764012345674,0.00039679764012345674,0.0050775,0.0050775,0.12966260325748014,34603.084760404854,401671.56703367346,75409.95452480961,54603.48159527004,3.4,859994.7951022207,1000.0,0.001,2.9591836734693877,default,CoagulationFlocculationZO,coag_and_floc
0.0015,0.05,0.001,0.9,0.008,0.003,0.002,1.0,5.9069053497942385e-08,0.475,30.0,0.05,0.06505143508027657,6.1e-06,1.1,3.63759,0.67,1.0,1.0,1.124346,3.49,0.79,1.02,0.44,0.88,0.15,1.53,7.072,0.12,0.97,0.510219804,1.3,0.08,0.14,0,0,0,0,0,0,0,0,0,2995996.4673512154,0.0,0.0,2.76239558976171,1892.3718837982226,3150290.285419803,46532.71924733134,7.0814,33269.0,952902.0,177335.0,212.32,73225.0,13662.0,20861.0,151.10888876984123,0.015110888876984125,10.0,0.1,1.0,0.05,0.05,0.001511239996587182,1.5112399965871824e-05,5.5,12.0,0.8311819981229502,108.80927975427711,1.0,3.0,1.0,2.0,1.0,1.0,900.0,80.0,0.6732574184795898,2.08913817128212,2.76239558976171,2995996.4673512154,1.0515,0.014900000000000002,881175.4315738869,44640.34736353312,44640.34736353312,1892.3718837982226,251463.62323334362,4493.994701026823,149799.82336756078,2995.9964673512154,2696.396820616094,23967.971738809723,8987.989402053647,5991.992934702431,0.05272757069060534,0.012019374178332867,0.030951090446624967,0.009360308425524044,0.00039679764012345663,0.012019374178332867,0.030951090446624967,0.009360308425524044,0.00039679764012345663,0.00039679764012345663,0.005077499999999999,0.005077499999999999,0.15112399965871823,34823.89878971325,409451.13674959185,75771.60217029534,60188.444066211276,3.4,881175.4315738869,1000.0,0.001,3.4489795918367347,default,CoagulationFlocculationZO,coag_and_floc
0.0015,0.05,0.001,0.9,0.008,0.003,0.002,1.0,5.9069053497942385e-08,0.475,30.0,0.05,0.06505143508027657,6.1e-06,1.1,3.63759,0.67,1.0,1.0,1.124346,3.49,0.79,1.02,0.44,0.88,0.15,1.53,7.072,0.12,0.97,0.510219804,1.3,0.08,0.14,0,0,0,0,0,0,0,0,0,3068010.631354881,0.0,0.0,3.154688454579941,2161.111086231106,3226013.1788696577,47874.46949341884,7.0814,33269.0,952902.0,177335.0,212.32,73225.0,13662.0,20861.0,172.56813924603168,0.017256813924603168,10.0,0.1,1.0,0.05,0.05,0.0017258539605995626,1.7258539605995618e-05,5.5,12.0,0.9492196783297596,124.26148516316854,1.0,3.0,1.0,2.0,1.0,1.0,900.0,80.0,0.7688679394471053,2.3858205151328358,3.154688454579941,3068010.631354881,1.0515,0.014900000000000002,902356.0680455533,45713.358407187734,45713.358407187734,2161.111086231106,257731.25636677502,4602.0159470323215,153400.53156774407,3068.010631354881,2761.209568219393,24544.085050839047,9204.031894064643,6136.021262709762,0.04732156295155558,0.01077771795888583,0.027753701515926897,0.008393345836619394,0.00039679764012345674,0.01077771795888583,0.027753701515926897,0.008393345836619394,0.00039679764012345674,0.0003967976401234567,0.0050774999999999995,0.0050774999999999995,0.1725853960599563,35044.71281902164,417230.7064655102,76133.24981578106,65773.40653715248,3.4,902356.0680455533,1000.0,0.001,3.9387755102040813,default,CoagulationFlocculationZO,coag_and_floc
0.0015,0.05,0.001,0.9,0.008,0.003,0.002,1.0,5.9069053497942385e-08,0.475,30.0,0.05,0.06505143508027657,6.1e-06,1.1,3.63759,0.67,1.0,1.0,1.124346,3.49,0.79,1.02,0.44,0.88,0.15,1.53,7.072,0.12,0.97,0.510219804,1.3,0.08,0.14,0,0,0,0,0,0,0,0,0,3140024.795358547,0.0,0.0,3.546981319398172,2429.8502886639903,3301736.0723195123,49216.21973950634,7.0814,33269.0,952902.0,177335.0,212.32,73225.0,13662.0,20861.0,194.02738972222215,0.01940273897222222,10.0,0.1,1.0,0.05,0.05,0.0019404679246119434,1.940467924611944e-05,5.5,12.0,1.067257358536569,139.71369057205996,1.0,3.0,1.0,2.0,1.0,1.0,900.0,80.0,0.864478460414621,2.682502858983551,3.546981319398172,3140024.795358547,1.0515,0.014900000000000002,923536.7045172197,46786.36945084236,46786.36945084236,2429.8502886639903,263998.88950020645,4710.0371930378205,157001.23976792736,3140.024795358547,2826.0223158226927,25120.198362868377,9420.074386075641,6280.049590717094,0.0431113541593924,0.009810713806413249,0.02526356912289476,0.007640273589960934,0.00039679764012345674,0.009810713806413249,0.02526356912289476,0.007640273589960934,0.00039679764012345674,0.00039679764012345674,0.0050774999999999995,0.0050774999999999995,0.19404679246119438,35265.526848330024,425010.2761814286,76494.8974612668,71358.36900809375,3.4,923536.7045172197,1000.0,0.001,4.428571428571429,default,CoagulationFlocculationZO,coag_and_floc
0.0015,0.05,0.001,0.9,0.008,0.003,0.002,1.0,5.9069053497942385e-08,0.475,30.0,0.05,0.06505143508027657,6.1e-06,1.1,3.63759,0.67,1.0,1.0,1.124346,3.49,0.79,1.02,0.44,0.88,0.15,1.53,7.072,0.12,0.97,0.510219804,1.3,0.08,0.14,0,0,0,0,0,0,0,0,0,3212038.959362212,0.0,0.0,3.9392741842164023,2698.589491096873,3377458.965769367,50557.969985593845,7.0814,33269.0,952902.0,177335.0,212.32,73225.0,13662.0,20861.0,215.4866401984126,0.021548664019841263,10.0,0.1,1.0,0.05,0.05,0.002155081888624324,2.1550818886243247e-05,5.5,12.0,1.1852950387433783,155.16589598095135,1.0,3.0,1.0,2.0,1.0,1.0,900.0,80.0,0.9600889813821365,2.9791852028342656,3.9392741842164023,3212038.959362212,1.0515,0.014900000000000002,944717.340988886,47859.38049449697,47859.38049449697,2698.589491096873,270266.5226336379,4818.058439043319,160601.94796811062,3212.038959362212,2890.835063425991,25696.311674897697,9636.116878086637,6424.077918724424,0.03973969317645675,0.009036307991362593,0.023269396708557825,0.007037190836412872,0.00039679764012345674,0.009036307991362593,0.023269396708557825,0.007037190836412872,0.00039679764012345674,0.0003967976401234567,0.0050775,0.0050775,0.21550818886243242,35486.34087763842,432789.8458973469,76856.54510675251,76943.331479035,3.4,944717.340988886,1000.0,0.001,4.918367346938775,default,CoagulationFlocculationZO,coag_and_floc
0.0015,0.05,0.001,0.9,0.008,0.003,0.002,1.0,5.9069053497942385e-08,0.475,30.0,0.05,0.06505143508027657,6.1e-06,1.1,3.63759,0.67,1.0,1.0,1.124346,3.49,0.79,1.02,0.44,0.88,0.15,1.53,7.072,0.12,0.97,0.510219804,1.3,0.08,0.14,0,0,0,0,0,0,0,0,0,3284053.1233658777,0.0,0.0,4.331567049034634,2967.328693529757,3453181.859219221,51899.72023168134,7.0814,33269.0,952902.0,177335.0,212.32,73225.0,13662.0,20861.0,236.9458906746031,0.02369458906746031,10.0,0.1,1.0,0.05,0.05,0.002369695852636705,2.3696958526367055e-05,5.5,12.0,1.303332718950188,170.6181013898428,1.0,3.0,1.0,2.0,1.0,1.0,900.0,80.0,1.0556995023496523,3.275867546684981,4.331567049034634,3284053.1233658777,1.0515,0.014900000000000002,965897.9774605522,48932.39153815158,48932.39153815158,2967.328693529757,276534.15576706926,4926.079685048817,164202.6561682939,3284.0531233658776,2955.64781102929,26272.42498692702,9852.159370097634,6568.106246731755,0.036978748145147164,0.008402171908849414,0.02163643288247813,0.006543345713696156,0.00039679764012345674,0.008402171908849414,0.02163643288247813,0.006543345713696156,0.00039679764012345674,0.0003967976401234567,0.0050775,0.0050775,0.23696958526367054,35707.15490694681,440569.4156132653,77218.19275223825,82528.29394997624,3.4,965897.9774605522,1000.0,0.001,5.408163265306122,default,CoagulationFlocculationZO,coag_and_floc
0.0015,0.05,0.001,0.9,0.008,0.003,0.002,1.0,5.9069053497942385e-08,0.475,30.0,0.05,0.06505143508027657,6.1e-06,1.1,3.63759,0.67,1.0,1.0,1.124346,3.49,0.79,1.02,0.44,0.88,0.15,1.53,7.072,0.12,0.97,0.510219804,1.3,0.08,0.14,0,0,0,0,0,0,0,0,0,3356067.2873695437,0.0,0.0,4.723859913852866,3236.0678959626416,3528904.7526690755,53241.470477768846,7.0814,33269.0,952902.0,177335.0,212.32,73225.0,13662.0,20861.0,258.4051411507936,0.02584051411507936,10.0,0.1,1.0,0.05,0.05,0.0025843098166490864,2.5843098166490863e-05,5.5,12.0,1.4213703991569977,186.07030679873426,1.0,3.0,1.0,2.0,1.0,1.0,900.0,80.0,1.1513100233171683,3.5725498905356976,4.723859913852866,3356067.2873695437,1.0515,0.014900000000000002,987078.6139322188,50005.40258180621,50005.40258180621,3236.0678959626416,282801.7889005006,5034.100931054316,167803.3643684772,3356.067287369544,3020.4605586325897,26848.53829895635,10068.201862108632,6712.134574739088,0.03467636837855335,0.007873359466338424,0.020274687961768078,0.006131523310323393,0.00039679764012345674,0.007873359466338424,0.020274687961768078,0.006131523310323393,0.00039679764012345674,0.0003967976401234567,0.0050775,0.0050775,0.2584309816649087,35927.968936255194,448348.9853291837,77579.84039772398,88113.25642091749,3.4,987078.6139322188,1000.0,0.001,5.8979591836734695,default,CoagulationFlocculationZO,coag_and_floc
0.0015,0.05,0.001,0.9,0.008,0.003,0.002,1.0,5.9069053497942385e-08,0.475,30.0,0.05,0.06505143508027657,6.1e-06,1.1,3.63759,0.67,1.0,1.0,1.124346,3.49,0.79,1.02,0.44,0.88,0.15,1.53,7.072,0.12,0.97,0.510219804,1.3,0.08,0.14,0,0,0,0,0,0,0,0,0,3428081.4513732092,0.0,0.0,5.116152778671096,3504.807098395525,3604627.64611893,54583.22072385635,7.0814,33269.0,952902.0,177335.0,212.32,73225.0,13662.0,20861.0,279.86439162698406,0.027986439162698405,10.0,0.1,1.0,0.05,0.05,0.002798923780661467,2.798923780661467e-05,5.5,12.0,1.5394080793638072,201.52251220762565,1.0,3.0,1.0,2.0,1.0,1.0,900.0,80.0,1.2469205442846838,3.8692322343864123,5.116152778671096,3428081.4513732092,1.0515,0.014900000000000002,1008259.2504038851,51078.413625460824,51078.413625460824,3504.807098395525,289069.42203393206,5142.122177059814,171404.0725686605,3428.0814513732093,3085.2733062358884,27424.651610985675,10284.244354119628,6856.162902746419,0.032727069215143276,0.007425642861656598,0.01912177293305191,0.00578285578031131,0.00039679764012345674,0.007425642861656598,0.01912177293305191,0.00578285578031131,0.00039679764012345674,0.00039679764012345674,0.0050774999999999995,0.0050774999999999995,0.27989237806614675,36148.78296556359,456128.555045102,77941.48804320971,93698.21889185873,3.4,1008259.2504038851,1000.0,0.001,6.387755102040816,default,CoagulationFlocculationZO,coag_and_floc
0.0015,0.05,0.001,0.9,0.008,0.003,0.002,1.0,5.9069053497942385e-08,0.475,30.0,0.05,0.06505143508027657,6.1e-06,1.1,3.63759,0.67,1.0,1.0,1.124346,3.49,0.79,1.02,0.44,0.88,0.15,1.53,7.072,0.12,0.97,0.510219804,1.3,0.08,0.14,0,0,0,0,0,0,0,0,0,3500095.615376875,0.0,0.0,5.508445643489327,3773.546300828408,3680350.539568784,55924.970969943846,7.0814,33269.0,952902.0,177335.0,212.32,73225.0,13662.0,20861.0,301.3236421031745,0.03013236421031745,10.0,0.1,1.0,0.05,0.05,0.0030135377446738475,3.0135377446738478e-05,5.5,12.0,1.6574457595706165,216.97471761651707,1.0,3.0,1.0,2.0,1.0,1.0,900.0,80.0,1.3425310652521993,4.165914578237127,5.508445643489327,3500095.615376875,1.0515,0.014900000000000002,1029439.8868755514,52151.42466911544,52151.42466911544,3773.546300828408,295337.05516736343,5250.143423065312,175004.78076884375,3500.095615376875,3150.0860538391876,28000.764923015,10500.286846130624,7000.19123075375,0.031055415036432544,0.007041695981083754,0.01813307132088878,0.005483850094336557,0.00039679764012345674,0.007041695981083754,0.01813307132088878,0.005483850094336557,0.00039679764012345674,0.0003967976401234567,0.0050775,0.0050775,0.3013537744673848,36369.59699487198,463908.1247610204,78303.13568869543,99283.18136279998,3.4,1029439.8868755514,1000.0,0.001,6.877551020408163,default,CoagulationFlocculationZO,coag_and_floc
0.0015,0.05,0.001,0.9,0.008,0.003,0.002,1.0,5.9069053497942385e-08,0.475,30.0,0.05,0.06505143508027657,6.1e-06,1.1,3.63759,0.67,1.0,1.0,1.124346,3.49,0.79,1.02,0.44,0.88,0.15,1.53,7.072,0.12,0.97,0.510219804,1.3,0.08,0.14,0,0,0,0,0,0,0,0,0,3572109.77938054,0.0,0.0,5.900738508307557,4042.2855032612915,3756073.4330186383,57266.72121603134,7.0814,33269.0,952902.0,177335.0,212.32,73225.0,13662.0,20861.0,322.78289257936495,0.0322782892579365,10.0,0.1,1.0,0.05,0.05,0.003228151708686228,3.2281517086862286e-05,5.5,12.0,1.775483439777426,232.42692302540848,1.0,3.0,1.0,2.0,1.0,1.0,900.0,80.0,1.438141586219715,4.462596922087842,5.900738508307557,3572109.77938054,1.0515,0.014900000000000002,1050620.5233472176,53224.43571277005,53224.43571277005,4042.2855032612915,301604.6883007948,5358.16466907081,178605.488969027,3572.1097793805397,3214.8988014424863,28576.878235044318,10716.32933814162,7144.2195587610795,0.029606030665417424,0.006708800209285138,0.017275831418930167,0.0052246013970786665,0.00039679764012345674,0.006708800209285138,0.017275831418930167,0.0052246013970786665,0.00039679764012345674,0.0003967976401234567,0.0050774999999999995,0.0050774999999999995,0.3228151708686229,36590.411024180365,471687.69447693875,78664.78333418116,104868.14383374121,3.4,1050620.5233472176,1000.0,0.001,7.36734693877551,default,CoagulationFlocculationZO,coag_and_floc
0.0015,0.05,0.001,0.9,0.008,0.003,0.002,1.0,5.9069053497942385e-08,0.475,30.0,0.05,0.06505143508027657,6.1e-06,1.1,3.63759,0.67,1.0,1.0,1.124346,3.49,0.79,1.02,0.44,0.88,0.15,1.53,7.072,0.12,0.97,0.510219804,1.3,0.08,0.14,0,0,0,0,0,0,0,0,0,3644123.943384206,0.0,0.0,6.293031373125788,4311.024705694174,3831796.3264684933,58608.471462118854,7.0814,33269.0,952902.0,177335.0,212.32,73225.0,13662.0,20861.0,344.24214305555546,0.03442421430555555,10.0,0.1,1.0,0.05,0.05,0.0034427656726986095,3.442765672698611e-05,5.5,12.0,1.8935211199842354,247.8791284342999,1.0,3.0,1.0,2.0,1.0,1.0,900.0,80.0,1.5337521071872309,4.759279265938558,6.293031373125788,3644123.943384206,1.0515,0.014900000000000002,1071801.1598188842,54297.44675642467,54297.44675642467,4311.024705694174,307872.3214342263,5466.185915076309,182206.1971692103,3644.123943384206,3279.7115490457854,29152.99154707365,10932.371830152619,7288.247886768412,0.028337348761437963,0.006417408325918559,0.01652546818007288,0.00499767461532306,0.00039679764012345663,0.006417408325918559,0.01652546818007288,0.00499767461532306,0.00039679764012345663,0.0003967976401234566,0.0050774999999999995,0.0050774999999999995,0.344276567269861,36811.22505348876,479467.26419285714,79026.4309796669,110453.1063046825,3.4,1071801.1598188842,1000.0,0.001,7.857142857142857,default,CoagulationFlocculationZO,coag_and_floc
0.0015,0.05,0.001,0.9,0.008,0.003,0.002,1.0,5.9069053497942385e-08,0.475,30.0,0.05,0.06505143508027657,6.1e-06,1.1,3.63759,0.67,1.0,1.0,1.124346,3.49,0.79,1.02,0.44,0.88,0.15,1.53,7.072,0.12,0.97,0.510219804,1.3,0.08,0.14,0,0,0,0,0,0,0,0,0,3716138.107387872,0.0,0.0,6.68532423794402,4579.763908127059,3907519.219918348,59950.22170820636,7.0814,33269.0,952902.0,177335.0,212.32,73225.0,13662.0,20861.0,365.7013935317459,0.036570139353174595,10.0,0.1,1.0,0.05,0.05,0.00365737963671099,3.65737963671099e-05,5.5,12.0,2.011558800191045,263.3313338431913,1.0,3.0,1.0,2.0,1.0,1.0,900.0,80.0,1.6293626281547464,5.055961609789273,6.68532423794402,3716138.107387872,1.0515,0.014900000000000002,1092981.7962905506,55370.4578000793,55370.4578000793,4579.763908127059,314139.9545676577,5574.207161081808,185806.90536939361,3716.138107387872,3344.524296649085,29729.104859102976,11148.414322163617,7432.276214775744,0.02721755862125071,0.006160214022995979,0.015863167130616952,0.004797379827514323,0.0003967976401234567,0.006160214022995979,0.015863167130616952,0.004797379827514323,0.0003967976401234567,0.0003967976401234567,0.0050775,0.0050775,0.36573796367109906,37032.03908279714,487246.8339087755,79388.07862515262,116038.0687756237,3.4,1092981.7962905506,1000.0,0.001,8.346938775510203,default,CoagulationFlocculationZO,coag_and_floc
0.0015,0.05,0.001,0.9,0.008,0.003,0.002,1.0,5.9069053497942385e-08,0.475,30.0,0.05,0.06505143508027657,6.1e-06,1.1,3.63759,0.67,1.0,1.0,1.124346,3.49,0.79,1.02,0.44,0.88,0.15,1.53,7.072,0.12,0.97,0.510219804,1.3,0.08,0.14,0,0,0,0,0,0,0,0,0,3788152.271391538,0.0,0.0,7.07761710276225,4848.503110559943,3983242.113368203,61291.97195429386,7.0814,33269.0,952902.0,177335.0,212.32,73225.0,13662.0,20861.0,387.16064400793636,0.03871606440079364,10.0,0.1,1.0,0.05,0.05,0.0038719936007233706,3.871993600723371e-05,5.5,12.0,2.129596480397854,278.78353925208273,1.0,3.0,1.0,2.0,1.0,1.0,900.0,80.0,1.724973149122262,5.352643953639988,7.07761710276225,3788152.271391538,1.0515,0.014900000000000002,1114162.432762217,56443.46884373392,56443.46884373392,4848.503110559943,320407.58770108916,5682.2284070873075,189407.6135695769,3788.152271391538,3409.3370442523847,30305.218171132303,11364.456814174615,7576.304542783076,0.026221902261038026,0.0059315308668177035,0.015274285135142273,0.00461928861895459,0.0003967976401234567,0.0059315308668177035,0.015274285135142273,0.00461928861895459,0.0003967976401234567,0.0003967976401234567,0.0050774999999999995,0.0050774999999999995,0.38719936007233713,37252.853112105535,495026.40362469386,79749.72627063835,121623.03124656495,3.4,1114162.432762217,1000.0,0.001,8.83673469387755,default,CoagulationFlocculationZO,coag_and_floc
0.0015,0.05,0.001,0.9,0.008,0.003,0.002,1.0,5.9069053497942385e-08,0.475,30.0,0.05,0.06505143508027657,6.1e-06,1.1,3.63759,0.67,1.0,1.0,1.124346,3.49,0.79,1.02,0.44,0.88,0.15,1.53,7.072,0.12,0.97,0.510219804,1.3,0.08,0.14,0,0,0,0,0,0,0,0,0,3860166.435395203,0.0,0.0,7.469909967580482,5117.242312992827,4058965.0068180566,62633.72220038136,7.0814,33269.0,952902.0,177335.0,212.32,73225.0,13662.0,20861.0,408.61989448412686,0.04086198944841269,10.0,0.1,1.0,0.05,0.05,0.004086607564735751,4.0866075647357524e-05,5.5,12.0,2.247634160604664,294.2357446609742,1.0,3.0,1.0,2.0,1.0,1.0,900.0,80.0,1.820583670089778,5.649326297490704,7.469909967580482,3860166.435395203,1.0515,0.014900000000000002,1135343.0692338832,57516.47988738853,57516.47988738853,5117.242312992827,326675.22083452047,5790.249653092805,193008.32176976016,3860.1664353952033,3474.149791855683,30881.331483161626,11580.49930618561,7720.332870790407,0.02533082249883454,0.005726866948049836,0.014747255077923137,0.00445990283273811,0.00039679764012345674,0.005726866948049836,0.014747255077923137,0.00445990283273811,0.00039679764012345674,0.0003967976401234567,0.0050775,0.0050775,0.40866075647357525,37473.66714141393,502805.97334061225,80111.37391612408,127207.9937175062,3.4,1135343.0692338832,1000.0,0.001,9.326530612244898,default,CoagulationFlocculationZO,coag_and_floc
0.0015,0.05,0.001,0.9,0.008,0.003,0.002,1.0,5.9069053497942385e-08,0.475,30.0,0.05,0.06505143508027657,6.1e-06,1.1,3.63759,0.67,1.0,1.0,1.124346,3.49,0.79,1.02,0.44,0.88,0.15,1.53,7.072,0.12,0.97,0.510219804,1.3,0.08,0.14,0,0,0,0,0,0,0,0,0,3932180.599398869,0.0,0.0,7.8622028323987125,5385.98151542571,4134687.900267911,63975.47244646886,7.0814,33269.0,952902.0,177335.0,212.32,73225.0,13662.0,20861.0,430.0791449603173,0.04300791449603173,10.0,0.1,1.0,0.05,0.05,0.004301221528748132,4.301221528748133e-05,5.5,12.0,2.3656718408114736,309.6879500698656,1.0,3.0,1.0,2.0,1.0,1.0,900.0,80.0,1.9161941910572937,5.946008641341419,7.8622028323987125,3932180.599398869,1.0515,0.014900000000000002,1156523.7057055498,58589.490931043154,58589.490931043154,5385.98151542571,332942.85396795196,5898.270899098304,196609.02996994345,3932.180599398869,3538.9625394589825,31457.444795190953,11796.541798196607,7864.361198797738,0.024528665457183598,0.005542626871487497,0.014272818456767455,0.004316422488805189,0.0003967976401234567,0.005542626871487497,0.014272818456767455,0.004316422488805189,0.0003967976401234567,0.0003967976401234567,0.0050774999999999995,0.0050774999999999995,0.43012215287481337,37694.48117072231,510585.5430565306,80473.0215616098,132792.95618844742,3.4,1156523.7057055498,1000.0,0.001,9.816326530612244,default,CoagulationFlocculationZO,coag_and_floc
0.0015,0.05,0.001,0.9,0.008,0.003,0.002,1.0,5.9069053497942385e-08,0.475,30.0,0.05,0.06505143508027657,6.1e-06,1.1,3.63759,0.67,1.0,1.0,1.124346,3.49,0.79,1.02,0.44,0.88,0.15,1.53,7.072,0.12,0.97,0.510219804,1.3,0.08,0.14,0,0,0,0,0,0,0,0,0,4004194.7634025346,0.0,0.0,8.254495697216944,5654.720717858594,4210410.793717765,65317.22269255637,7.0814,33269.0,952902.0,177335.0,212.32,73225.0,13662.0,20861.0,451.53839543650776,0.04515383954365078,10.0,0.1,1.0,0.05,0.05,0.004515835492760513,4.515835492760513e-05,5.5,12.0,2.483709521018283,325.14015547875704,1.0,3.0,1.0,2.0,1.0,1.0,900.0,80.0,2.0118047120248095,6.242690985192135,8.254495697216944,4004194.7634025346,1.0515,0.014900000000000002,1177704.3421772162,59662.50197469777,59662.50197469777,5654.720717858594,339210.48710138333,6006.292145103802,200209.73817012674,4004.1947634025346,3603.7752870622817,32033.558107220277,12012.584290207604,8008.389526805069,0.02380275304523413,0.005375898722994448,0.013843476801583,0.004186579880533219,0.0003967976401234567,0.005375898722994448,0.013843476801583,0.004186579880533219,0.0003967976401234567,0.0003967976401234567,0.0050775,0.0050775,0.45158354927605143,37915.295200030705,518365.112772449,80834.66920709553,138377.91865938867,3.4,1177704.3421772162,1000.0,0.001,10.306122448979592,default,CoagulationFlocculationZO,coag_and_floc
0.0015,0.05,0.001,0.9,0.008,0.003,0.002,1.0,5.9069053497942385e-08,0.475,30.0,0.05,0.06505143508027657,6.1e-06,1.1,3.63759,0.67,1.0,1.0,1.124346,3.49,0.79,1.02,0.44,0.88,0.15,1.53,7.072,0.12,0.97,0.510219804,1.3,0.08,0.14,0,0,0,0,0,0,0,0,0,4076208.9274062,0.0,0.0,8.646788562035177,5923.459920291479,4286133.687167619,66658.97293864387,7.0814,33269.0,952902.0,177335.0,212.32,73225.0,13662.0,20861.0,472.9976459126983,0.04729976459126983,10.0,0.1,1.0,0.05,0.05,0.004730449456772895,4.7304494567728953e-05,5.5,12.0,2.601747201225093,340.5923608876485,1.0,3.0,1.0,2.0,1.0,1.0,900.0,80.0,2.1074152329923255,6.539373329042851,8.646788562035177,4076208.9274062,1.0515,0.014900000000000002,1198884.9786488824,60735.51301835239,60735.51301835239,5923.459920291479,345478.1202348147,6114.3133911093,203810.44637031003,4076.2089274062005,3668.5880346655804,32609.671419249604,12228.6267822186,8152.417854812401,0.023142707922081576,0.005224299026538573,0.013453092423239485,0.0040685188321800654,0.0003967976401234567,0.005224299026538573,0.013453092423239485,0.0040685188321800654,0.0003967976401234567,0.0003967976401234567,0.0050775,0.0050775,0.4730449456772896,38136.1092293391,526144.6824883674,81196.31685258127,143962.88113032994,3.4,1198884.9786488824,1000.0,0.001,10.795918367346939,default,CoagulationFlocculationZO,coag_and_floc
0.0015,0.05,0.001,0.9,0.008,0.003,0.002,1.0,5.9069053497942385e-08,0.475,30.0,0.05,0.06505143508027657,6.1e-06,1.1,3.63759,0.67,1.0,1.0,1.124346,3.49,0.79,1.02,0.44,0.88,0.15,1.53,7.072,0.12,0.97,0.510219804,1.3,0.08,0.14,0,0,0,0,0,0,0,0,0,4148223.0914098653,0.0,0.0,9.039081426853404,6192.199122724361,4361856.580617473,68000.72318473135,7.0814,33269.0,952902.0,177335.0,212.32,73225.0,13662.0,20861.0,494.45689638888865,0.04944568963888887,10.0,0.1,1.0,0.05,0.05,0.004945063420785274,4.945063420785275e-05,5.5,12.0,2.7197848814319014,356.0445662965398,1.0,3.0,1.0,2.0,1.0,1.0,900.0,80.0,2.20302575395984,6.836055672893564,9.039081426853404,4148223.0914098653,1.0515,0.014900000000000002,1220065.6151205488,61808.524062007,61808.524062007,6192.199122724361,351745.753368246,6222.334637114798,207411.15457049327,4148.223091409865,3733.400782268879,33185.78473127892,12444.669274229596,8296.44618281973,0.022539954238190014,0.005085858074078872,0.0130965931265605,0.003960705397427187,0.0003967976401234567,0.005085858074078872,0.0130965931265605,0.003960705397427187,0.0003967976401234567,0.0003967976401234567,0.0050774999999999995,0.0050774999999999995,0.49450634207852756,38356.92325864748,533924.2522042857,81557.96449806698,149547.84360127116,3.4,1220065.6151205488,1000.0,0.001,11.285714285714285,default,CoagulationFlocculationZO,coag_and_floc
0.0015,0.05,0.001,0.9,0.008,0.003,0.002,1.0,5.9069053497942385e-08,0.475,30.0,0.05,0.06505143508027657,6.1e-06,1.1,3.63759,0.67,1.0,1.0,1.124346,3.49,0.79,1.02,0.44,0.88,0.15,1.53,7.072,0.12,0.97,0.510219804,1.3,0.08,0.14,0,0,0,0,0,0,0,0,0,4220237.255413531,0.0,0.0,9.431374291671634,6460.9383251572435,4437579.4740673285,69342.47343081886,7.0814,33269.0,952902.0,177335.0,212.32,73225.0,13662.0,20861.0,515.9161468650792,0.05159161468650792,10.0,0.1,1.0,0.05,0.05,0.005159677384797655,5.1596773847976555e-05,5.5,12.0,2.8378225616387107,371.49677170543123,1.0,3.0,1.0,2.0,1.0,1.0,900.0,80.0,2.2986362749273557,7.132738016744279,9.431374291671634,4220237.255413531,1.0515,0.014900000000000002,1241246.2515922152,62881.53510566163,62881.53510566163,6460.9383251572435,358013.3865016775,6330.355883120297,211011.86277067658,4220.237255413532,3798.2135298721787,33761.898043308254,12660.711766240594,8440.474510827064,0.021987342975142123,0.0049589338732969265,0.012769750617126912,0.0038618608445948254,0.00039679764012345663,0.0049589338732969265,0.012769750617126912,0.0038618608445948254,0.00039679764012345663,0.00039679764012345663,0.0050774999999999995,0.0050774999999999995,0.5159677384797656,38577.737287955875,541703.821920204,81919.61214355272,155132.80607221238,3.4,1241246.2515922152,1000.0,0.001,11.775510204081632,default,CoagulationFlocculationZO,coag_and_floc
0.0015,0.05,0.001,0.9,0.008,0.003,0.002,1.0,5.9069053497942385e-08,0.475,30.0,0.05,0.06505143508027657,6.1e-06,1.1,3.63759,0.67,1.0,1.0,1.124346,3.49,0.79,1.02,0.44,0.88,0.15,1.53,7.072,0.12,0.97,0.510219804,1.3,0.08,0.14,0,0,0,0,0,0,0,0,0,4292251.419417197,0.0,0.0,9.823667156489867,6729.677527590128,4513302.367517183,70684.22367690636,7.0814,33269.0,952902.0,177335.0,212.32,73225.0,13662.0,20861.0,537.3753973412696,0.053737539734126975,10.0,0.1,1.0,0.05,0.05,0.005374291348810036,5.374291348810036e-05,5.5,12.0,2.9558602418455204,386.9489771143227,1.0,3.0,1.0,2.0,1.0,1.0,900.0,80.0,2.3942467958948717,7.429420360594995,9.823667156489867,4292251.419417197,1.0515,0.014900000000000002,1262426.8880638815,63954.546149316244,63954.546149316244,6729.677527590128,364281.01963510894,6438.377129125795,214612.57097085984,4292.251419417197,3863.0262774754774,34338.01135533758,12876.75425825159,8584.502838834394,0.021478867054234487,0.004842146713509212,0.012469012001957571,0.0037709106986442485,0.0003967976401234567,0.004842146713509212,0.012469012001957571,0.0037709106986442485,0.0003967976401234567,0.0003967976401234567,0.0050774999999999995,0.0050774999999999995,0.5374291348810037,38798.55131726427,549483.3916361225,82281.25978903845,160717.76854315362,3.4,1262426.8880638815,1000.0,0.001,12.26530612244898,default,CoagulationFlocculationZO,coag_and_floc
0.0015,0.05,0.001,0.9,0.008,0.003,0.002,1.0,5.9069053497942385e-08,0.475,30.0,0.05,0.06505143508027657,6.1e-06,1.1,3.63759,0.67,1.0,1.0,1.124346,3.49,0.79,1.02,0.44,0.88,0.15,1.53,7.072,0.12,0.97,0.510219804,1.3,0.08,0.14,0,0,0,0,0,0,0,0,0,4364265.583420862,0.0,0.0,10.2159600213081,6998.416730023012,4589025.260967038,72025.97392299387,7.0814,33269.0,952902.0,177335.0,212.32,73225.0,13662.0,20861.0,558.8346478174601,0.055883464781746016,10.0,0.1,1.0,0.05,0.05,0.005588905312822418,5.588905312822418e-05,5.5,12.0,3.07389792205233,402.4011825232141,1.0,3.0,1.0,2.0,1.0,1.0,900.0,80.0,2.4898573168623876,7.726102704445711,10.2159600213081,4364265.583420862,1.0515,0.014900000000000002,1283607.5245355477,65027.55719297086,65027.55719297086,6998.416730023012,370548.65276854037,6546.3983751312935,218213.27917104313,4364.265583420863,3927.8390250787766,34914.1246673669,13092.796750262587,8728.531166841725,0.021009442084052563,0.004734328807593194,0.012191370112433236,0.0036869455239026765,0.00039679764012345674,0.004734328807593194,0.012191370112433236,0.0036869455239026765,0.00039679764012345674,0.0003967976401234567,0.0050775,0.0050775,0.5588905312822419,39019.36534657265,557262.9613520408,82642.90743452417,166302.7310140949,3.4,1283607.5245355477,1000.0,0.001,12.755102040816325,default,CoagulationFlocculationZO,coag_and_floc
0.0015,0.05,0.001,0.9,0.008,0.003,0.002,1.0,5.9069053497942385e-08,0.475,30.0,0.05,0.06505143508027657,6.1e-06,1.1,3.63759,0.67,1.0,1.0,1.124346,3.49,0.79,1.02,0.44,0.88,0.15,1.53,7.072,0.12,0.97,0.510219804,1.3,0.08,0.14,0,0,0,0,0,0,0,0,0,4436279.747424528,0.0,0.0,10.608252886126328,7267.155932455896,4664748.154416892,73367.72416908138,7.0814,33269.0,952902.0,177335.0,212.32,73225.0,13662.0,20861.0,580.2938982936505,0.05802938982936506,10.0,0.1,1.0,0.05,0.05,0.005803519276834797,5.803519276834798e-05,5.5,12.0,3.1919356022591394,417.85338793210553,1.0,3.0,1.0,2.0,1.0,1.0,900.0,80.0,2.585467837829903,8.022785048296425,10.608252886126328,4436279.747424528,1.0515,0.014900000000000002,1304788.161007214,66100.56823662548,66100.56823662548,7267.155932455896,376816.28590197174,6654.419621136793,221813.98737122642,4436.279747424528,3992.6517726820757,35490.237979396225,13308.839242273585,8872.559494849056,0.02057473575573309,0.004634485107353554,0.011934262599946137,0.003609190408309942,0.0003967976401234567,0.004634485107353554,0.011934262599946137,0.003609190408309942,0.0003967976401234567,0.00039679764012345674,0.0050775,0.0050775,0.5803519276834799,39240.179375881045,565042.5310679591,83004.5550800099,171887.6934850361,3.4,1304788.161007214,1000.0,0.001,13.244897959183673,default,CoagulationFlocculationZO,coag_and_floc
0.0015,0.05,0.001,0.9,0.008,0.003,0.002,1.0,5.9069053497942385e-08,0.475,30.0,0.05,0.06505143508027657,6.1e-06,1.1,3.63759,0.67,1.0,1.0,1.124346,3.49,0.79,1.02,0.44,0.88,0.15,1.53,7.072,0.12,0.97,0.510219804,1.3,0.08,0.14,0,0,0,0,0,0,0,0,0,4508293.911428194,0.0,0.0,11.00054575094456,7535.8951348887795,4740471.047866746,74709.47441516888,7.0814,33269.0,952902.0,177335.0,212.32,73225.0,13662.0,20861.0,601.7531487698411,0.06017531487698411,10.0,0.1,1.0,0.05,0.05,0.00601813324084718,6.0181332408471807e-05,5.5,12.0,3.3099732824659496,433.305593340997,1.0,3.0,1.0,2.0,1.0,1.0,900.0,80.0,2.681078358797419,8.319467392147141,11.00054575094456,4508293.911428194,1.0515,0.014900000000000002,1325968.7974788805,67173.57928028009,67173.57928028009,7535.8951348887795,383083.9190354031,6762.440867142291,225414.69557140968,4508.2939114281935,4057.4645202853744,36066.35129142555,13524.881734284581,9016.587822856387,0.02017103374206344,0.004541762503119117,0.011695492621782039,0.0035369809770388273,0.0003967976401234567,0.004541762503119117,0.011695492621782039,0.0035369809770388273,0.0003967976401234567,0.00039679764012345663,0.005077499999999999,0.005077499999999999,0.6018133240847181,39460.99340518944,572822.1007838775,83366.20272549563,177472.65595597742,3.4,1325968.7974788805,1000.0,0.001,13.73469387755102,default,CoagulationFlocculationZO,coag_and_floc
0.0015,0.05,0.001,0.9,0.008,0.003,0.002,1.0,5.9069053497942385e-08,0.475,30.0,0.05,0.06505143508027657,6.1e-06,1.1,3.63759,0.67,1.0,1.0,1.124346,3.49,0.79,1.02,0.44,0.88,0.15,1.53,7.072,0.12,0.97,0.510219804,1.3,0.08,0.14,0,0,0,0,0,0,0,0,0,4580308.07543186,0.0,0.0,11.392838615762791,7804.634337321663,4816193.941316602,76051.22466125638,7.0814,33269.0,952902.0,177335.0,212.32,73225.0,13662.0,20861.0,623.2123992460315,0.062321239924603165,10.0,0.1,1.0,0.05,0.05,0.00623274720485956,6.232747204859561e-05,5.5,12.0,3.428010962672759,448.7577987498884,1.0,3.0,1.0,2.0,1.0,1.0,900.0,80.0,2.7766888797649347,8.616149735997856,11.392838615762791,4580308.07543186,1.0515,0.014900000000000002,1347149.4339505471,68246.59032393472,68246.59032393472,7804.634337321663,389351.5521688346,6870.462113147791,229015.403771593,4580.30807543186,4122.277267888674,36642.46460345488,13740.924226295581,9160.61615086372,0.019795133301788555,0.004455425386694228,0.011473165913276304,0.003469744361694564,0.00039679764012345674,0.004455425386694228,0.011473165913276304,0.003469744361694564,0.00039679764012345674,0.0003967976401234567,0.0050774999999999995,0.0050774999999999995,0.6232747204859561,39681.80743449782,580601.6704997959,83727.85037098135,183057.61842691863,3.4,1347149.4339505471,1000.0,0.001,14.224489795918368,default,CoagulationFlocculationZO,coag_and_floc
0.0015,0.05,0.001,0.9,0.008,0.003,0.002,1.0,5.9069053497942385e-08,0.475,30.0,0.05,0.06505143508027657,6.1e-06,1.1,3.63759,0.67,1.0,1.0,1.124346,3.49,0.79,1.02,0.44,0.88,0.15,1.53,7.072,0.12,0.97,0.510219804,1.3,0.08,0.14,0,0,0,0,0,0,0,0,0,4652322.239435525,0.0,0.0,11.785131480581024,8073.373539754548,4891916.834766455,77392.97490734389,7.0814,33269.0,952902.0,177335.0,212.32,73225.0,13662.0,20861.0,644.671649722222,0.0644671649722222,10.0,0.1,1.0,0.05,0.05,0.006447361168871941,6.447361168871942e-05,5.5,12.0,3.546048642879568,464.2100041587799,1.0,3.0,1.0,2.0,1.0,1.0,900.0,80.0,2.8722994007324503,8.912832079848574,11.785131480581024,4652322.239435525,1.0515,0.014900000000000002,1368330.0704222133,69319.60136758932,69319.60136758932,8073.373539754548,395619.1853022659,6978.483359153287,232616.11197177623,4652.322239435524,4187.090015491973,37218.577915484195,13956.966718306574,9304.644478871049,0.019444258133543054,0.004374836094941174,0.011265640428083016,0.0034069839703954087,0.00039679764012345674,0.004374836094941174,0.011265640428083016,0.0034069839703954087,0.00039679764012345674,0.00039679764012345674,0.0050774999999999995,0.0050774999999999995,0.6447361168871942,39902.621463806216,588381.2402157143,84089.49801646709,188642.58089785988,3.4,1368330.0704222133,1000.0,0.001,14.714285714285714,default,CoagulationFlocculationZO,coag_and_floc
0.0015,0.05,0.001,0.9,0.008,0.003,0.002,1.0,5.9069053497942385e-08,0.475,30.0,0.05,0.06505143508027657,6.1e-06,1.1,3.63759,0.67,1.0,1.0,1.124346,3.49,0.79,1.02,0.44,0.88,0.15,1.53,7.072,0.12,0.97,0.510219804,1.3,0.08,0.14,0,0,0,0,0,0,0,0,0,4724336.403439191,0.0,0.0,12.177424345399253,8342.112742187432,4967639.72821631,78734.72515343138,7.0814,33269.0,952902.0,177335.0,212.32,73225.0,13662.0,20861.0,666.1309001984124,0.06661309001984125,10.0,0.1,1.0,0.05,0.05,0.006661975132884321,6.661975132884321e-05,5.5,12.0,3.6640863230863774,479.66220956767125,1.0,3.0,1.0,2.0,1.0,1.0,900.0,80.0,2.967909921699966,9.209514423699288,12.177424345399253,4724336.403439191,1.0515,0.014900000000000002,1389510.7068938797,70392.61241124396,70392.61241124396,8342.112742187432,401886.81843569747,7086.504605158787,236216.82017195958,4724.336403439192,4251.902763095272,37794.69122751353,14173.009210317574,9448.672806878383,0.019115989687546946,0.00429943913339503,0.011071485712405545,0.0033482672016229135,0.00039679764012345674,0.00429943913339503,0.011071485712405545,0.0033482672016229135,0.00039679764012345674,0.0003967976401234568,0.0050775,0.0050775,0.6661975132884322,40123.43549311461,596160.8099316326,84451.14566195282,194227.54336880107,3.4,1389510.7068938797,1000.0,0.001,15.204081632653061,default,CoagulationFlocculationZO,coag_and_floc
0.0015,0.05,0.001,0.9,0.008,0.003,0.002,1.0,5.9069053497942385e-08,0.475,30.0,0.05,0.06505143508027657,6.1e-06,1.1,3.63759,0.67,1.0,1.0,1.124346,3.49,0.79,1.02,0.44,0.88,0.15,1.53,7.072,0.12,0.97,0.510219804,1.3,0.08,0.14,0,0,0,0,0,0,0,0,0,4796350.567442857,0.0,0.0,12.569717210217485,8610.851944620315,5043362.621666164,80076.4753995189,7.0814,33269.0,952902.0,177335.0,212.32,73225.0,13662.0,20861.0,687.590150674603,0.06875901506746031,10.0,0.1,1.0,0.05,0.05,0.006876589096896704,6.876589096896704e-05,5.5,12.0,3.7821240032931875,495.1144149765627,1.0,3.0,1.0,2.0,1.0,1.0,900.0,80.0,3.0635204426674822,9.506196767550003,12.569717210217485,4796350.567442857,1.0515,0.014900000000000002,1410691.343365546,71465.62345489857,71465.62345489857,8610.851944620315,408154.45156912884,7194.525851164285,239817.52837214284,4796.350567442857,4316.715510698571,38370.804539542856,14389.05170232857,9592.701134885714,0.018808211339610394,0.004228748354104039,0.010889449886653314,0.003293215458729582,0.0003967976401234567,0.004228748354104039,0.010889449886653314,0.003293215458729582,0.0003967976401234567,0.0003967976401234567,0.005077499999999999,0.005077499999999999,0.6876589096896705,40344.24952242299,603940.379647551,84812.79330743855,199812.5058397424,3.4,1410691.343365546,1000.0,0.001,15.693877551020408,default,CoagulationFlocculationZO,coag_and_floc
0.0015,0.05,0.001,0.9,0.008,0.003,0.002,1.0,5.9069053497942385e-08,0.475,30.0,0.05,0.06505143508027657,6.1e-06,1.1,3.63759,0.67,1.0,1.0,1.124346,3.49,0.79,1.02,0.44,0.88,0.15,1.53,7.072,0.12,0.97,0.510219804,1.3,0.08,0.14,0,0,0,0,0,0,0,0,0,4868364.731446521,0.0,0.0,12.962010075035714,8879.591147053197,5119085.515116018,81418.22564560638,7.0814,33269.0,952902.0,177335.0,212.32,73225.0,13662.0,20861.0,709.0494011507934,0.07090494011507935,10.0,0.1,1.0,0.05,0.05,0.007091203060909083,7.091203060909084e-05,5.5,12.0,3.900161683499997,510.5666203854541,1.0,3.0,1.0,2.0,1.0,1.0,900.0,80.0,3.159130963634998,9.802879111400717,12.962010075035714,4868364.731446521,1.0515,0.014900000000000002,1431871.9798372122,72538.63449855318,72538.63449855318,8879.591147053197,414422.0847025602,7302.547097169782,243418.23657232607,4868.364731446522,4381.52825830187,38946.91785157217,14605.094194339565,9736.729462893043,0.018519062702519944,0.004162336461831925,0.01071843262286339,0.0032414959777011705,0.0003967976401234567,0.004162336461831925,0.01071843262286339,0.0032414959777011705,0.0003967976401234567,0.0003967976401234567,0.0050774999999999995,0.0050774999999999995,0.7091203060909085,40565.063551731386,611719.9493634694,85174.44095292427,205397.46831068362,3.4,1431871.9798372122,1000.0,0.001,16.183673469387756,default,CoagulationFlocculationZO,coag_and_floc
0.0015,0.05,0.001,0.9,0.008,0.003,0.002,1.0,5.9069053497942385e-08,0.475,30.0,0.05,0.06505143508027657,6.1e-06,1.1,3.63759,0.67,1.0,1.0,1.124346,3.49,0.79,1.02,0.44,0.88,0.15,1.53,7.072,0.12,0.97,0.510219804,1.3,0.08,0.14,0,0,0,0,0,0,0,0,0,4940378.895450187,0.0,0.0,13.354302939853946,9148.330349486081,5194808.408565872,82759.97589169387,7.0814,33269.0,952902.0,177335.0,212.32,73225.0,13662.0,20861.0,730.5086516269838,0.07305086516269839,10.0,0.1,1.0,0.05,0.05,0.007305817024921463,7.305817024921465e-05,5.5,12.0,4.018199363706806,526.0188257943455,1.0,3.0,1.0,2.0,1.0,1.0,900.0,80.0,3.2547414846025133,10.099561455251433,13.354302939853946,4940378.895450187,1.0515,0.014900000000000002,1453052.6163088786,73611.6455422078,73611.6455422078,9148.330349486081,420689.7178359915,7410.5683431752805,247018.94477250936,4940.378895450187,4446.3410059051685,39523.031163601496,14821.136686350561,9880.757790900374,0.01824690199025243,0.004099826369840179,0.010557462884975447,0.0031928150953133513,0.0003967976401234568,0.004099826369840179,0.010557462884975447,0.0031928150953133513,0.0003967976401234568,0.0003967976401234567,0.0050774999999999995,0.0050774999999999995,0.7305817024921465,40785.87758103978,619499.5190793877,85536.08859841,210982.43078162486,3.4,1453052.6163088786,1000.0,0.001,16.6734693877551,default,CoagulationFlocculationZO,coag_and_floc
0.0015,0.05,0.001,0.9,0.008,0.003,0.002,1.0,5.9069053497942385e-08,0.475,30.0,0.05,0.06505143508027657,6.1e-06,1.1,3.63759,0.67,1.0,1.0,1.124346,3.49,0.79,1.02,0.44,0.88,0.15,1.53,7.072,0.12,0.97,0.510219804,1.3,0.08,0.14,0,0,0,0,0,0,0,0,0,5012393.0594538525,0.0,0.0,13.746595804672175,9417.069551918963,5270531.302015726,84101.72613778137,7.0814,33269.0,952902.0,177335.0,212.32,73225.0,13662.0,20861.0,751.9679021031743,0.07519679021031744,10.0,0.1,1.0,0.05,0.05,0.007520430988933844,7.520430988933844e-05,5.5,12.0,4.136237043913615,541.4710312032369,1.0,3.0,1.0,2.0,1.0,1.0,900.0,80.0,3.3503520055700284,10.396243799102146,13.746595804672175,5012393.0594538525,1.0515,0.014900000000000002,1474233.2527805448,74684.65658586241,74684.65658586241,9417.069551918963,426957.35096942296,7518.589589180779,250619.65297269262,5012.393059453852,4511.153753508468,40099.14447563082,15037.179178361557,10024.786118907705,0.017990274826366424,0.00404088403577424,0.01040568048052225,0.003146912669946477,0.0003967976401234567,0.00404088403577424,0.01040568048052225,0.003146912669946477,0.0003967976401234567,0.00039679764012345663,0.0050774999999999995,0.0050774999999999995,0.7520430988933846,41006.69161034816,627279.088795306,85897.73624389572,216567.39325256605,3.4,1474233.2527805448,1000.0,0.001,17.163265306122447,default,CoagulationFlocculationZO,coag_and_floc
0.0015,0.05,0.001,0.9,0.008,0.003,0.002,1.0,5.9069053497942385e-08,0.475,30.0,0.05,0.06505143508027657,6.1e-06,1.1,3.63759,0.67,1.0,1.0,1.124346,3.49,0.79,1.02,0.44,0.88,0.15,1.53,7.072,0.12,0.97,0.510219804,1.3,0.08,0.14,0,0,0,0,0,0,0,0,0,5084407.223457519,0.0,0.0,14.13888866949041,9685.80875435185,5346254.1954655815,85443.4763838689,7.0814,33269.0,952902.0,177335.0,212.32,73225.0,13662.0,20861.0,773.4271525793648,0.0773427152579365,10.0,0.1,1.0,0.05,0.05,0.007735044952946225,7.735044952946226e-05,5.5,12.0,4.254274724120425,556.9232366121284,1.0,3.0,1.0,2.0,1.0,1.0,900.0,80.0,3.445962526537544,10.692926142952865,14.13888866949041,5084407.223457519,1.0515,0.014900000000000002,1495413.8892522114,75757.66762951705,75757.66762951705,9685.80875435185,433224.9841028544,7626.610835186279,254220.36117287597,5084.407223457519,4575.966501111768,40675.25778766015,15253.221670372557,10168.814446915037,0.01774788824498507,0.003985212490188262,0.010262320683483794,0.003103557431189557,0.00039679764012345674,0.003985212490188262,0.010262320683483794,0.003103557431189557,0.00039679764012345674,0.00039679764012345674,0.0050774999999999995,0.0050774999999999995,0.7735044952946227,41227.505639656556,635058.6585112244,86259.38388938145,222152.35572350735,3.4,1495413.8892522114,1000.0,0.001,17.653061224489797,default,CoagulationFlocculationZO,coag_and_floc
0.0015,0.05,0.001,0.9,0.008,0.003,0.002,1.0,5.9069053497942385e-08,0.475,30.0,0.05,0.06505143508027657,6.1e-06,1.1,3.63759,0.67,1.0,1.0,1.124346,3.49,0.79,1.02,0.44,0.88,0.15,1.53,7.072,0.12,0.97,0.510219804,1.3,0.08,0.14,0,0,0,0,0,0,0,0,0,5156421.387461184,0.0,0.0,14.531181534308638,9954.547956784732,5421977.088915436,86785.22662995638,7.0814,33269.0,952902.0,177335.0,212.32,73225.0,13662.0,20861.0,794.8864030555552,0.07948864030555554,10.0,0.1,1.0,0.05,0.05,0.007949658916958606,7.949658916958606e-05,5.5,12.0,4.372312404327234,572.3754420210198,1.0,3.0,1.0,2.0,1.0,1.0,900.0,80.0,3.5415730475050595,10.98960848680358,14.531181534308638,5156421.387461184,1.0515,0.014900000000000002,1516594.5257238776,76830.67867317164,76830.67867317164,9954.547956784732,439492.61723628576,7734.632081191776,257821.0693730592,5156.421387461183,4640.7792487150655,41251.371099689466,15469.264162383552,10312.842774922367,0.017518588903093376,0.00393254683232796,0.01012670134792773,0.003062543082714225,0.00039679764012345674,0.00393254683232796,0.01012670134792773,0.003062543082714225,0.00039679764012345674,0.00039679764012345674,0.0050775,0.0050775,0.7949658916958607,41448.31966896495,642838.2282271428,86621.03153486719,227737.31819444854,3.4,1516594.5257238776,1000.0,0.001,18.142857142857142,default,CoagulationFlocculationZO,coag_and_floc
0.0015,0.05,0.001,0.9,0.008,0.003,0.002,1.0,5.9069053497942385e-08,0.475,30.0,0.05,0.06505143508027657,6.1e-06,1.1,3.63759,0.67,1.0,1.0,1.124346,3.49,0.79,1.02,0.44,0.88,0.15,1.53,7.072,0.12,0.97,0.510219804,1.3,0.08,0.14,0,0,0,0,0,0,0,0,0,5228435.55146485,0.0,0.0,14.923474399126869,10223.287159217616,5497699.98236529,88126.97687604389,7.0814,33269.0,952902.0,177335.0,212.32,73225.0,13662.0,20861.0,816.3456535317457,0.08163456535317457,10.0,0.1,1.0,0.05,0.05,0.008164272880970987,8.164272880970988e-05,5.5,12.0,4.490350084534044,587.8276474299112,1.0,3.0,1.0,2.0,1.0,1.0,900.0,80.0,3.637183568472576,11.286290830654293,14.923474399126869,5228435.55146485,1.0515,0.014900000000000002,1537775.1621955442,77903.68971682628,77903.68971682628,10223.287159217616,445760.2503697172,7842.653327197275,261421.77757324252,5228.4355514648505,4705.591996318365,41827.484411718804,15685.30665439455,10456.871102929701,0.017301344729231033,0.003882650015187587,0.009998212054109556,0.0030236850198104336,0.0003967976401234567,0.003882650015187587,0.009998212054109556,0.0030236850198104336,0.0003967976401234567,0.0003967976401234567,0.0050774999999999995,0.0050774999999999995,0.8164272880970989,41669.133698273334,650617.7979430612,86982.67918035292,233322.28066538982,3.4,1537775.1621955442,1000.0,0.001,18.632653061224488,default,CoagulationFlocculationZO,coag_and_floc
0.0015,0.05,0.001,0.9,0.008,0.003,0.002,1.0,5.9069053497942385e-08,0.475,30.0,0.05,0.06505143508027657,6.1e-06,1.1,3.63759,0.67,1.0,1.0,1.124346,3.49,0.79,1.02,0.44,0.88,0.15,1.53,7.072,0.12,0.97,0.510219804,1.3,0.08,0.14,0,0,0,0,0,0,0,0,0,5300449.7154685175,0.0,0.0,15.315767263945103,10492.026361650502,5573422.875815147,89468.72712213143,7.0814,33269.0,952902.0,177335.0,212.32,73225.0,13662.0,20861.0,837.8049040079363,0.08378049040079363,10.0,0.1,1.0,0.05,0.05,0.00837888684498337,8.378886844983371e-05,5.5,12.0,4.608387764740854,603.2798528388028,1.0,3.0,1.0,2.0,1.0,1.0,900.0,80.0,3.732794089440092,11.582973174505012,15.315767263945103,5300449.7154685175,1.0515,0.014900000000000002,1558955.798667211,78976.70076048092,78976.70076048092,10492.026361650502,452027.8835031488,7950.674573202777,265022.4857734259,5300.449715468518,4770.4047439216665,42403.59772374814,15901.349146405553,10600.899430937036,0.01709522939245022,0.0038353092783276173,0.009876304922621447,0.0029868175513777,0.00039679764012345663,0.0038353092783276173,0.009876304922621447,0.0029868175513777,0.00039679764012345663,0.00039679764012345663,0.005077499999999999,0.005077499999999999,0.8378886844983372,41889.947727581726,658397.3676589796,87344.32682583864,238907.24313633115,3.4,1558955.798667211,1000.0,0.001,19.122448979591837,default,CoagulationFlocculationZO,coag_and_floc
0.0015,0.05,0.001,0.9,0.008,0.003,0.002,1.0,5.9069053497942385e-08,0.475,30.0,0.05,0.06505143508027657,6.1e-06,1.1,3.63759,0.67,1.0,1.0,1.124346,3.49,0.79,1.02,0.44,0.88,0.15,1.53,7.072,0.12,0.97,0.510219804,1.3,0.08,0.14,0,0,0,0,0,0,0,0,0,5372463.879472182,0.0,0.0,15.70806012876333,10760.765564083384,5649145.769265,90810.47736821891,7.0814,33269.0,952902.0,177335.0,212.32,73225.0,13662.0,20861.0,859.2641544841266,0.08592641544841267,10.0,0.1,1.0,0.05,0.05,0.008593500808995748,8.593500808995749e-05,5.5,12.0,4.726425444947663,618.732058247694,1.0,3.0,1.0,2.0,1.0,1.0,900.0,80.0,3.828404610407607,11.879655518355724,15.70806012876333,5372463.879472182,1.0515,0.014900000000000002,1580136.4351388772,80049.71180413553,80049.71180413553,10760.765564083384,458295.5166365801,8058.695819208273,268623.19397360913,5372.463879472182,4835.217491524964,42979.71103577746,16117.391638416546,10744.927758944365,0.0168994090985055,0.0037903331152129953,0.009760486804984984,0.002951791538184064,0.00039679764012345674,0.0037903331152129953,0.009760486804984984,0.002951791538184064,0.00039679764012345674,0.00039679764012345674,0.0050774999999999995,0.0050774999999999995,0.859350080899575,42110.76175689011,666176.937374898,87705.97447132436,244492.20560727228,3.4,1580136.4351388772,1000.0,0.001,19.612244897959183,default,CoagulationFlocculationZO,coag_and_floc
0.0015,0.05,0.001,0.9,0.008,0.003,0.002,1.0,5.9069053497942385e-08,0.475,30.0,0.05,0.06505143508027657,6.1e-06,1.1,3.63759,0.67,1.0,1.0,1.124346,3.49,0.79,1.02,0.44,0.88,0.15,1.53,7.072,0.12,0.97,0.510219804,1.3,0.08,0.14,0,0,0,0,0,0,0,0,0,5444478.043475848,0.0,0.0,16.100352993581563,11029.504766516267,5724868.662714855,92152.22761430641,7.0814,33269.0,952902.0,177335.0,212.32,73225.0,13662.0,20861.0,880.723404960317,0.08807234049603171,10.0,0.1,1.0,0.05,0.05,0.00880811477300813,8.80811477300813e-05,5.5,12.0,4.844463125154472,634.1842636565855,1.0,3.0,1.0,2.0,1.0,1.0,900.0,80.0,3.9240151313751226,12.17633786220644,16.100352993581563,5444478.043475848,1.0515,0.014900000000000002,1601317.0716105434,81122.72284779014,81122.72284779014,11029.504766516267,464563.14977001154,8166.717065213772,272223.9021737924,5444.478043475848,4900.030239128263,43555.82434780678,16333.434130427544,10888.956086951695,0.016713131316346913,0.0037475486839049724,0.009650312615923695,0.002918472376394786,0.00039679764012345674,0.0037475486839049724,0.009650312615923695,0.002918472376394786,0.00039679764012345674,0.00039679764012345674,0.0050775,0.0050775,0.8808114773008131,42331.575786198504,673956.5070908163,88067.6221168101,250077.16807821352,3.4,1601317.0716105434,1000.0,0.001,20.10204081632653,default,CoagulationFlocculationZO,coag_and_floc
0.0015,0.05,0.001,0.9,0.008,0.003,0.002,1.0,5.9069053497942385e-08,0.475,30.0,0.05,0.06505143508027657,6.1e-06,1.1,3.63759,0.67,1.0,1.0,1.124346,3.49,0.79,1.02,0.44,0.88,0.15,1.53,7.072,0.12,0.97,0.510219804,1.3,0.08,0.14,0,0,0,0,0,0,0,0,0,5516492.207479514,0.0,0.0,16.492645858399797,11298.243968949155,5800591.556164709,93493.97786039392,7.0814,33269.0,952902.0,177335.0,212.32,73225.0,13662.0,20861.0,902.1826554365077,0.09021826554365078,10.0,0.1,1.0,0.05,0.05,0.009022728737020511,9.022728737020512e-05,5.5,12.0,4.962500805361282,649.6364690654771,1.0,3.0,1.0,2.0,1.0,1.0,900.0,80.0,4.019625652342639,12.473020206057159,16.492645858399797,5516492.207479514,1.0515,0.014900000000000002,1622497.70808221,82195.73389144478,82195.73389144478,11298.243968949155,470830.7829034429,8274.738311219271,275824.6103739757,5516.492207479514,4964.8429867315635,44131.93765983611,16549.476622438542,11032.984414959028,0.01653571511351797,0.0037067995872875205,0.009545379617224093,0.002886738268882898,0.0003967976401234568,0.0037067995872875205,0.009545379617224093,0.002886738268882898,0.0003967976401234568,0.0003967976401234568,0.0050775,0.0050775,0.9022728737020513,42552.3898155069,681736.0768067348,88429.26976229582,255662.13054915483,3.4,1622497.70808221,1000.0,0.001,20.591836734693878,default,CoagulationFlocculationZO,coag_and_floc
0.0015,0.05,0.001,0.9,0.008,0.003,0.002,1.0,5.9069053497942385e-08,0.475,30.0,0.05,0.06505143508027657,6.1e-06,1.1,3.63759,0.67,1.0,1.0,1.124346,3.49,0.79,1.02,0.44,0.88,0.15,1.53,7.072,0.12,0.97,0.510219804,1.3,0.08,0.14,0,0,0,0,0,0,0,0,0,5588506.371483179,0.0,0.0,16.884938723218028,11566.983171382037,5876314.449614564,94835.72810648142,7.0814,33269.0,952902.0,177335.0,212.32,73225.0,13662.0,20861.0,923.6419059126981,0.09236419059126982,10.0,0.1,1.0,0.05,0.05,0.009237342701032892,9.237342701032893e-05,5.5,12.0,5.080538485568092,665.0886744743684,1.0,3.0,1.0,2.0,1.0,1.0,900.0,80.0,4.115236173310155,12.769702549907873,16.884938723218028,5588506.371483179,1.0515,0.014900000000000002,1643678.3445538762,83268.74493509937,83268.74493509937,11566.983171382037,477098.41603687435,8382.759557224768,279425.31857415894,5588.506371483179,5029.655734334861,44708.05097186543,16765.519114449537,11177.012742966357,0.01636654283879724,0.003667943962729736,0.009445322498425342,0.002856478737518705,0.0003967976401234567,0.003667943962729736,0.009445322498425342,0.002856478737518705,0.0003967976401234567,0.0003967976401234567,0.0050774999999999995,0.0050774999999999995,0.9237342701032895,42773.20384481529,689515.646522653,88790.91740778156,261247.09302009607,3.4,1643678.3445538762,1000.0,0.001,21.081632653061224,default,CoagulationFlocculationZO,coag_and_floc
0.0015,0.05,0.001,0.9,0.008,0.003,0.002,1.0,5.9069053497942385e-08,0.475,30.0,0.05,0.06505143508027657,6.1e-06,1.1,3.63759,0.67,1.0,1.0,1.124346,3.49,0.79,1.02,0.44,0.88,0.15,1.53,7.072,0.12,0.97,0.510219804,1.3,0.08,0.14,0,0,0,0,0,0,0,0,0,5660520.535486845,0.0,0.0,17.27723158803626,11835.722373814919,5952037.343064418,96177.47835256891,7.0814,33269.0,952902.0,177335.0,212.32,73225.0,13662.0,20861.0,945.1011563888885,0.09451011563888885,10.0,0.1,1.0,0.05,0.05,0.009451956665045272,9.451956665045272e-05,5.5,12.0,5.198576165774901,680.5408798832598,1.0,3.0,1.0,2.0,1.0,1.0,900.0,80.0,4.21084669427767,13.066384893758586,17.27723158803626,5660520.535486845,1.0515,0.014900000000000002,1664858.9810255428,84341.75597875401,84341.75597875401,11835.722373814919,483366.0491703058,8490.780803230267,283026.0267743423,5660.520535486846,5094.468481938161,45284.16428389477,16981.561606460535,11321.041070973692,0.016205052937952207,0.0036308528320023927,0.009349809127689361,0.0028275933381369947,0.0003967976401234568,0.0036308528320023927,0.009349809127689361,0.0028275933381369947,0.0003967976401234568,0.00039679764012345674,0.0050775,0.0050775,0.9451956665045274,42994.017874123674,697295.2162385714,89152.56505326727,266832.05549103726,3.4,1664858.9810255428,1000.0,0.001,21.57142857142857,default,CoagulationFlocculationZO,coag_and_floc
0.0015,0.05,0.001,0.9,0.008,0.003,0.002,1.0,5.9069053497942385e-08,0.475,30.0,0.05,0.06505143508027657,6.1e-06,1.1,3.63759,0.67,1.0,1.0,1.124346,3.49,0.79,1.02,0.44,0.88,0.15,1.53,7.072,0.12,0.97,0.510219804,1.3,0.08,0.14,0,0,0,0,0,0,0,0,0,5732534.699490511,0.0,0.0,17.66952445285449,12104.461576247802,6027760.236514273,97519.22859865642,7.0814,33269.0,952902.0,177335.0,212.32,73225.0,13662.0,20861.0,966.560406865079,0.09665604068650792,10.0,0.1,1.0,0.05,0.05,0.009666570629057654,9.666570629057654e-05,5.5,12.0,5.316613845981711,695.9930852921512,1.0,3.0,1.0,2.0,1.0,1.0,900.0,80.0,4.306457215245186,13.363067237609302,17.66952445285449,5732534.699490511,1.0515,0.014900000000000002,1686039.6174972092,85414.76702240862,85414.76702240862,12104.461576247802,489633.6823037372,8598.802049235766,286626.7349745256,5732.534699490511,5159.281229541461,45860.27759592409,17197.604098471533,11465.069398981022,0.016050733726506384,0.00359540867100207,0.009258536868697433,0.0027999905466834243,0.00039679764012345674,0.00359540867100207,0.009258536868697433,0.0027999905466834243,0.00039679764012345674,0.0003967976401234567,0.0050774999999999995,0.0050774999999999995,0.9666570629057656,43214.83190343207,705074.7859544898,89514.212698753,272417.01796197856,3.4,1686039.6174972092,1000.0,0.001,22.06122448979592,default,CoagulationFlocculationZO,coag_and_floc
0.0015,0.05,0.001,0.9,0.008,0.003,0.002,1.0,5.9069053497942385e-08,0.475,30.0,0.05,0.06505143508027657,6.1e-06,1.1,3.63759,0.67,1.0,1.0,1.124346,3.49,0.79,1.02,0.44,0.88,0.15,1.53,7.072,0.12,0.97,0.510219804,1.3,0.08,0.14,0,0,0,0,0,0,0,0,0,5804548.8634941755,0.0,0.0,18.06181731767272,12373.200778680686,6103483.129964126,98860.97884474392,7.0814,33269.0,952902.0,177335.0,212.32,73225.0,13662.0,20861.0,988.0196573412695,0.09880196573412695,10.0,0.1,1.0,0.05,0.05,0.009881184593070034,9.881184593070034e-05,5.5,12.0,5.43465152618852,711.4452907010426,1.0,3.0,1.0,2.0,1.0,1.0,900.0,80.0,4.402067736212701,13.659749581460018,18.06181731767272,5804548.8634941755,1.0515,0.014900000000000002,1707220.2539688752,86487.77806606323,86487.77806606323,12373.200778680686,495901.3154371685,8706.823295241264,290227.4431747088,5804.548863494176,5224.093977144758,46436.390907953406,17413.646590482527,11609.097726988351,0.015903117974019297,0.0035615041658642057,0.009171229377516918,0.002773586790514716,0.0003967976401234568,0.0035615041658642057,0.009171229377516918,0.002773586790514716,0.0003967976401234568,0.00039679764012345674,0.0050774999999999995,0.0050774999999999995,0.9881184593070036,43435.64593274046,712854.3556704081,89875.86034423874,278001.98043291975,3.4,1707220.2539688752,1000.0,0.001,22.551020408163264,default,CoagulationFlocculationZO,coag_and_floc
0.0015,0.05,0.001,0.9,0.008,0.003,0.002,1.0,5.9069053497942385e-08,0.475,30.0,0.05,0.06505143508027657,6.1e-06,1.1,3.63759,0.67,1.0,1.0,1.124346,3.49,0.79,1.02,0.44,0.88,0.15,1.53,7.072,0.12,0.97,0.510219804,1.3,0.08,0.14,0,0,0,0,0,0,0,0,0,5876563.02749783,0.0,0.0,18.454110182490947,12641.939981113568,6179206.023413968,100202.72909083124,7.0814,33269.0,952902.0,177335.0,212.32,73225.0,13662.0,20861.0,1009.4789078174599,0.10094789078174601,10.0,0.1,1.0,0.05,0.05,0.010095798557082414,0.00010095798557082335,5.5,12.0,5.552689206395328,726.897496109934,1.0,3.0,1.0,2.0,1.0,1.0,900.0,80.0,4.497678257180216,13.956431925310731,18.454110182490947,5876563.02749783,1.0515,0.014900000000000002,1728400.8904405383,87560.78910971768,87560.78910971768,12641.939981113568,502168.9485705989,8814.844541246744,293828.1513748915,5876.56302749783,5288.906724748047,47012.50421998264,17629.68908249349,11753.12605499566,0.015761778179122422,0.00352904112772954,0.009087633808016337,0.0027483056032530867,0.00039679764012345674,0.00352904112772954,0.009087633808016337,0.0027483056032530867,0.00039679764012345674,0.00039679764012345674,0.0050774999999999995,0.0050774999999999995,1.0095798557082416,43656.459962048844,720633.9253863264,90237.50798972446,283586.94290385896,3.4,1728400.8904405383,1000.0,0.001,23.04081632653061,default,CoagulationFlocculationZO,coag_and_floc
0.0015,0.05,0.001,0.9,0.008,0.003,0.002,1.0,5.9069053497942385e-08,0.475,30.0,0.05,0.06505143508027657,6.1e-06,1.1,3.63759,0.67,1.0,1.0,1.124346,3.49,0.79,1.02,0.44,0.88,0.15,1.53,7.072,0.12,0.97,0.510219804,1.3,0.08,0.14,0,0,0,0,0,0,0,0,0,5948577.1915015,0.0,0.0,18.846403047309188,12910.67918354646,6254928.916863828,101544.47933691881,7.0814,33269.0,952902.0,177335.0,212.32,73225.0,13662.0,20861.0,1030.9381582936505,0.10309381582936507,10.0,0.1,1.0,0.05,0.05,0.010310412521094799,0.0001031041252109478,5.5,12.0,5.67072688660214,742.3497015188257,1.0,3.0,1.0,2.0,1.0,1.0,900.0,80.0,4.593288778147734,14.253114269161452,18.846403047309188,5948577.1915015,1.0515,0.014900000000000002,1749581.5269122059,88633.80015337236,88633.80015337236,12910.67918354646,508436.58170403074,8922.86578725225,297428.85957507504,5948.5771915015,5353.71947235135,47588.617532012,17845.7315745045,11897.154383003,0.015626322434663612,0.003497929543047148,0.009007518366300713,0.0027240768851922942,0.0003967976401234568,0.003497929543047148,0.009007518366300713,0.0027240768851922942,0.0003967976401234568,0.0003967976401234568,0.0050775,0.0050775,1.03104125210948,43877.27399135724,728413.495102245,90599.15563521019,289171.90537480183,3.4,1749581.5269122059,1000.0,0.001,23.53061224489796,default,CoagulationFlocculationZO,coag_and_floc
0.0015,0.05,0.001,0.9,0.008,0.003,0.002,1.0,5.9069053497942385e-08,0.475,30.0,0.05,0.06505143508027657,6.1e-06,1.1,3.63759,0.67,1.0,1.0,1.124346,3.49,0.79,1.02,0.44,0.88,0.15,1.53,7.072,0.12,0.97,0.510219804,1.3,0.08,0.14,0,0,0,0,0,0,0,0,0,6020591.355505159,0.0,0.0,19.23869591212741,13179.418385979337,6330651.810313676,102886.22958300622,7.0814,33269.0,952902.0,177335.0,212.32,73225.0,13662.0,20861.0,1052.3974087698407,0.10523974087698411,10.0,0.1,1.0,0.05,0.05,0.010525026485107176,0.00010525026485107148,5.5,12.0,5.788764566808948,757.8019069277169,1.0,3.0,1.0,2.0,1.0,1.0,900.0,80.0,4.688899299115248,14.549796613012164,19.23869591212741,6020591.355505159,1.0515,0.014900000000000002,1770762.1633838704,89706.81119702688,89706.81119702688,13179.418385979337,514704.21483746165,9030.887033257739,301029.567775258,6020.591355505159,5418.532219954644,48164.730844041274,18061.774066515478,12041.182711010319,0.01549639079872987,0.0034680867400680277,0.00893067016434918,0.0027008362541892034,0.00039679764012345674,0.0034680867400680277,0.00893067016434918,0.0027008362541892034,0.00039679764012345674,0.00039679764012345674,0.0050775,0.0050775,1.0525026485107178,44098.08802066562,736193.0648181632,90960.80328069592,294756.86784574273,3.4,1770762.1633838704,1000.0,0.001,24.020408163265305,default,CoagulationFlocculationZO,coag_and_floc
0.0015,0.05,0.001,0.9,0.008,0.003,0.002,1.0,5.9069053497942385e-08,0.475,30.0,0.05,0.06505143508027657,6.1e-06,1.1,3.63759,0.67,1.0,1.0,1.124346,3.49,0.79,1.02,0.44,0.88,0.15,1.53,7.072,0.12,0.97,0.510219804,1.3,0.08,0.14,0,0,0,0,0,0,0,0,0,6092605.519508828,0.0,0.0,19.63098877694564,13448.157588412218,6406374.703763533,104227.97982909378,7.0814,33269.0,952902.0,177335.0,212.32,73225.0,13662.0,20861.0,1073.8566592460313,0.10738566592460314,10.0,0.1,1.0,0.05,0.05,0.010739640449119557,0.00010739640449119493,5.5,12.0,5.906802247015757,773.2541123366082,1.0,3.0,1.0,2.0,1.0,1.0,900.0,80.0,4.784509820082763,14.846478956862875,19.63098877694564,6092605.519508828,1.0515,0.014900000000000002,1791942.7998555377,90779.82224068155,90779.82224068155,13448.157588412218,520971.8479708933,9138.908279263243,304630.27597544144,6092.605519508828,5483.344967557946,48740.84415607063,18277.816558526487,12185.211039017657,0.01537165210078517,0.0034394366552762544,0.008856893331001883,0.0026785244743835752,0.00039679764012345663,0.0034394366552762544,0.008856893331001883,0.0026785244743835752,0.00039679764012345663,0.00039679764012345663,0.0050774999999999995,0.0050774999999999995,1.0739640449119559,44318.902049974015,743972.6345340814,91322.45092618166,300341.83031668304,3.4,1791942.7998555377,1000.0,0.001,24.51020408163265,default,CoagulationFlocculationZO,coag_and_floc
0.0015,0.05,0.001,0.9,0.008,0.003,0.002,1.0,5.9069053497942385e-08,0.475,30.0,0.05,0.06505143508027657,6.1e-06,1.1,3.63759,0.67,1.0,1.0,1.124346,3.49,0.79,1.02,0.44,0.88,0.15,1.53,7.072,0.12,0.97,0.510219804,1.3,0.08,0.14,0,0,0,0,0,0,0,0,0,6164619.683512504,0.0,0.0,20.023281641763873,13716.896790845105,6482097.597213399,105569.73007518142,7.0814,33269.0,952902.0,177335.0,212.32,73225.0,13662.0,20861.0,1095.315909722222,0.1095315909722222,10.0,0.1,1.0,0.05,0.05,0.01095425441313194,0.00010954254413131939,5.5,12.0,6.024839927222567,788.7063177454997,1.0,3.0,1.0,2.0,1.0,1.0,900.0,80.0,4.880120341050279,15.143161300713594,20.023281641763873,6164619.683512504,1.0515,0.014900000000000002,1813123.4363272071,91852.83328433632,91852.83328433632,13716.896790845105,527239.4811043256,9246.929525268757,308230.9841756252,6164.619683512505,5548.157715161255,49316.95746810004,18493.859050537514,12329.23936702501,0.01525180112324975,0.0034119091860518353,0.008786007345002083,0.002657086952072374,0.00039679764012345674,0.0034119091860518353,0.008786007345002083,0.002657086952072374,0.00039679764012345674,0.00039679764012345674,0.0050774999999999995,0.0050774999999999995,1.095425441313194,44539.71607928241,751752.20425,91684.09857166739,305926.792787626,3.4,1813123.4363272071,1000.0,0.001,25.0,default,CoagulationFlocculationZO,coag_and_floc
