fs.costing.land_cost_percent_FCI,fs.costing.working_capital_percent_FCI,fs.costing.salaries_percent_FCI,fs.costing.benefit_percent_of_salary,fs.costing.maintenance_costs_percent_FCI,fs.costing.laboratory_fees_percent_FCI,fs.costing.insurance_and_taxes_percent_FCI,fs.costing.utilization_factor,fs.costing.electricity_cost,fs.costing.electrical_carbon_intensity,fs.costing.plant_lifetime,fs.costing.wacc,fs.costing.capital_recovery_factor,fs.costing.heat_cost,fs.costing.acetic_acid_cost,fs.costing.activated_carbon_cost,fs.costing.alum_cost,fs.costing.anhydrous_ammonia_cost,fs.costing.ammonia_cost,fs.costing.anthracite_cost,fs.costing.anti-scalant_cost,fs.costing.polymer_cost,fs.costing.cationic_polymer_cost,fs.costing.caustic_soda_cost,fs.costing.chlorine_cost,fs.costing.ferric_chloride_cost,fs.costing.hydrochloric_acid_cost,fs.costing.hydrogen_peroxide_cost,fs.costing.ion_exchange_resin_cost,fs.costing.lime_cost,fs.costing.phosphoric_acid_cost,fs.costing.sand_cost,fs.costing.sodium_bisulfite_cost,fs.costing.sodium_chloride_cost,fs.costing.sulfuric_acid_cost,fs.costing.catalyst_ATHTL_cost,fs.costing.magnesium_chloride_cost,fs.costing.catalyst_HTG_cost,fs.costing.hydrogen_product_cost,fs.costing.filtration_media_cost,fs.costing.filtration_media_disposal_cost,fs.costing.disinfection_solution_cost,fs.costing.struvite_product_cost,fs.costing.aggregate_capital_cost,fs.costing.aggregate_fixed_operating_cost,fs.costing.aggregate_variable_operating_cost,fs.costing.aggregate_flow_electricity,fs.costing.aggregate_flow_alum,fs.costing.aggregate_flow_polymer,fs.costing.aggregate_flow_costs[electricity],fs.costing.aggregate_flow_costs[alum],fs.costing.aggregate_flow_costs[polymer],fs.costing.total_capital_cost,fs.costing.total_operating_cost,fs.costing.coag_and_floc.capital_mix_a_parameter[default],fs.costing.coag_and_floc.capital_mix_b_parameter[default],fs.costing.coag_and_floc.capital_floc_a_parameter[default],fs.costing.coag_and_floc.capital_floc_b_parameter[default],fs.costing.coag_and_floc.capital_coag_inj_a_parameter[default],fs.costing.coag_and_floc.capital_coag_inj_b_parameter[default],fs.costing.coag_and_floc.capital_floc_inj_a_parameter[default],fs.costing.coag_and_floc.capital_floc_inj_b_parameter[default],fs.unit.properties[0.0].flow_mass_comp[H2O],fs.unit.properties[0.0].flow_mass_comp[tss],fs.unit.alum_dose,fs.unit.alum_ratio_in_solution,fs.unit.alum_solution_density,fs.unit.alum_flow_mass,fs.unit.alum_flow_vol,fs.unit.polymer_dose,fs.unit.polymer_ratio_in_solution,fs.unit.polymer_solution_density,fs.unit.polymer_flow_mass,fs.unit.polymer_flow_vol,fs.unit.chem_pump_head,fs.unit.eta_chem_pump,fs.unit.rapid_mix_retention_time,fs.unit.floc_retention_time,fs.unit.rapid_mix_basin_vol,fs.unit.floc_basin_vol,fs.unit.num_rapid_mixers,fs.unit.num_floc_mixers,fs.unit.num_rapid_mix_processes,fs.unit.num_floc_processes,fs.unit.num_coag_processes,fs.unit.num_floc_injection_processes,fs.unit.velocity_gradient_rapid_mix,fs.unit.velocity_gradient_floc,fs.unit.power_alum_addition,fs.unit.power_polymer_addition,fs.unit.power_rapid_mix,fs.unit.power_floc,fs.unit.electricity[0.0],fs.unit.costing.capital_cost,fs.costing.total_investment_factor,fs.costing.maintenance_labor_chemical_factor,fs.costing.aggregate_direct_capital_cost,fs.costing.maintenance_labor_chemical_operating_cost,fs.costing.total_fixed_operating_cost,fs.costing.total_variable_operating_cost,fs.costing.total_annualized_cost,fs.costing.land_cost,fs.costing.working_capital,fs.costing.salary_cost,fs.costing.benefits_cost,fs.costing.maintenance_cost,fs.costing.laboratory_cost,fs.costing.insurance_and_taxes_cost,fs.costing.LCOW,fs.costing.LCOW_component_direct_capex['fs.unit'],fs.costing.LCOW_component_indirect_capex['fs.unit'],fs.costing.LCOW_component_fixed_opex['fs.unit'],fs.costing.LCOW_component_variable_opex['fs.unit'],fs.costing.LCOW_aggregate_direct_capex[CoagulationFlocculationZO],fs.costing.LCOW_aggregate_indirect_capex[CoagulationFlocculationZO],fs.costing.LCOW_aggregate_fixed_opex[CoagulationFlocculationZO],fs.costing.LCOW_aggregate_variable_opex[CoagulationFlocculationZO],fs.costing.LCOW_aggregate_variable_opex[electricity],fs.costing.LCOW_aggregate_variable_opex[alum],fs.costing.LCOW_aggregate_variable_opex[polymer],fs.costing.SEC,fs.costing.SEC_component['fs.unit'],fs.unit.properties[0.0].flow_vol,fs.unit.costing.cost_rapid_mix,fs.unit.costing.cost_floc,fs.unit.costing.cost_coag_inj,fs.unit.costing.cost_floc_inj,fs.unit.costing.cost_factor,fs.unit.costing.direct_capital_cost,fs.unit.properties[0.0].dens_mass,fs.unit.properties[0.0].visc_d,flow_mgd,subtype,unit_class,unit
0.0015,0.05,0.001,0.9,0.008,0.003,0.002,1.0,5.9069053497942385e-08,0.475,30.0,0.05,0.06505143508027657,6.1e-06,1.1,3.63759,0.67,1.0,1.0,1.124346,3.49,0.79,0.79,1.02,0.44,0.88,0.15,1.53,7.072,0.12,0.97,0.510219804,1.3,0.08,0.14,0,0,0,0,0,0,0,0,2639738.1292629316,0.0,0.0,0.8013073424076642,0.0008763403530505551,4.381701765252776e-06,548.9335020203042,18528.982878036895,153.58771249029724,2775684.6429199725,58563.602218565175,7.0814,33269.0,952902.0,177335.0,212.32,73225.0,13662.0,20861.0,43.812636388888876,0.004381263638888888,10.0,0.5,1450.0,0.0008763403530505551,6.043726572762449e-07,0.1,1.0,1040.0,4.381701765252776e-06,4.213174774281516e-09,100.0,0.7,5.5,12.0,0.24099359708890272,31.54825270981999,1.0,3.0,1.0,2.0,1.0,1.0,900.0,80.0,0.00037420570856636217,1.8710285428318113e-06,0.19520481364201123,0.6057264520285438,0.8013073424076642,2639738.1292629316,1.0515,0.0149,776393.567430274,39332.098126017685,39332.098126017685,19231.504092547497,239125.87157079444,3959.6071938943974,131986.9064631466,2639.7381292629316,2375.764316336639,21117.905034103453,7919.214387788795,5279.476258525863,0.17293376005257186,0.03652515173033226,0.09405591822077863,0.02844463284130773,0.013908057260153256,0.03652515173033226,0.09405591822077863,0.02844463284130773,0.013908057260153256,0.0003969839561885005,0.013399999999999997,0.00011107330396475767,0.00507988413671,0.00507988413671,0.04381701765252777,33719.8286431713,370553.28817,74701.72788573339,32263.63171150504,3.4,776393.567430274,1000.0,0.001,1.0,default,CoagulationFlocculationZO,coag_and_floc
0.0015,0.05,0.001,0.9,0.008,0.003,0.002,1.0,5.9069053497942385e-08,0.475,30.0,0.05,0.06505143508027657,6.1e-06,1.1,3.63759,0.67,1.0,1.0,1.124346,3.49,0.79,0.79,1.02,0.44,0.88,0.15,1.53,7.072,0.12,0.97,0.510219804,1.3,0.08,0.14,0,0,0,0,0,0,0,0,2713619.6313547823,0.0,0.0,1.1937844080767244,0.001305568281075317,6.527841405376585e-06,817.7988907649429,27604.40306319783,228.8143471794224,2853371.042369554,69083.94880832847,7.0814,33269.0,952902.0,177335.0,212.32,73225.0,13662.0,20861.0,65.27188686507935,0.006527188686507935,10.0,0.5,1450.0,0.001305568281075317,9.003919179829773e-07,0.1,1.0,1040.0,6.527841405376585e-06,6.27677058209287e-09,100.0,0.7,5.5,12.0,0.3590312772957122,47.00045811871142,1.0,3.0,1.0,2.0,1.0,1.0,900.0,80.0,0.0005574901372519275,2.7874506862596372e-06,0.2908153346095269,0.9024087958792593,1.1937844080767244,2713619.6313547823,1.0515,0.0149,798123.4209867007,40432.932507186255,40432.932507186255,28651.016301142197,254699.8299309726,4070.4294470321734,135680.98156773913,2713.6196313547825,2442.2576682193044,21708.95705083826,8140.858894064347,5427.239262709565,0.12363888881282176,0.02520306592946446,0.06490041507496394,0.01962735054824007,0.013908057260153258,0.02520306592946446,0.06490041507496394,0.01962735054824007,0.013908057260153258,0.00039698395618850045,0.0134,0.00011107330396475766,0.00507988413671,0.00507988413671,0.06527841405376586,33940.642672479684,378332.85788591835,75425.02317670485,37848.594182446286,3.4,798123.4209867007,1000.0,0.001,1.489795918367347,default,CoagulationFlocculationZO,coag_and_floc
0.0015,0.05,0.001,0.9,0.008,0.003,0.002,1.0,5.9069053497942385e-08,0.475,30.0,0.05,0.06505143508027657,6.1e-06,1.1,3.63759,0.67,1.0,1.0,1.124346,3.49,0.79,0.79,1.02,0.44,0.88,0.15,1.53,7.072,0.12,0.97,0.510219804,1.3,0.08,0.14,0,0,0,0,0,0,0,0,2787501.133446633,0.0,0.0,1.5862614737457839,0.0017347962091000784,8.673981045500392e-06,1086.6642795095813,36679.82324835875,304.04098186854753,2931057.441819135,79604.29539809172,7.0814,33269.0,952902.0,177335.0,212.32,73225.0,13662.0,20861.0,86.7311373412698,0.008673113734126983,10.0,0.5,1450.0,0.0017347962091000784,1.196411178689709e-06,0.1,1.0,1040.0,8.673981045500392e-06,8.340366389904224e-09,100.0,0.7,5.5,12.0,0.47706895750252165,62.45266352760283,1.0,3.0,1.0,2.0,1.0,1.0,900.0,80.0,0.0007407745659374925,3.7038728296874623e-06,0.38642585557704257,1.1990911397299742,1.5862614737457839,2787501.133446633,1.0515,0.0149,819853.2745431274,41533.76688835483,41533.76688835483,38070.528509736876,270273.7882911507,4181.25170016995,139375.05667233164,2787.501133446633,2508.75102010197,22300.009067573064,8362.5034003399,5575.002266893266,0.098737355918515,0.019483661762015783,0.050172377403366844,0.015173259492979093,0.013908057260153255,0.019483661762015783,0.050172377403366844,0.015173259492979093,0.013908057260153255,0.00039698395618850034,0.013399999999999997,0.00011107330396475766,0.005079884136709999,0.005079884136709999,0.08673981045500394,34161.456701788076,386112.42760183674,76148.3184676763,43433.556653387524,3.4,819853.2745431274,1000.0,0.001,1.9795918367346939,default,CoagulationFlocculationZO,coag_and_floc
0.0015,0.05,0.001,0.9,0.008,0.003,0.002,1.0,5.9069053497942385e-08,0.475,30.0,0.05,0.06505143508027657,6.1e-06,1.1,3.63759,0.67,1.0,1.0,1.124346,3.49,0.79,0.79,1.02,0.44,0.88,0.15,1.53,7.072,0.12,0.97,0.510219804,1.3,0.08,0.14,0,0,0,0,0,0,0,0,2861382.635538484,0.0,0.0,1.9787385394148438,0.0021640241371248398,1.08201206856242e-05,1355.52966825422,45755.243433519674,379.2676165576727,3008743.841268716,90124.641987855,7.0814,33269.0,952902.0,177335.0,212.32,73225.0,13662.0,20861.0,108.19038781746026,0.010819038781746029,10.0,0.5,1450.0,0.0021640241371248398,1.492430439396441e-06,0.1,1.0,1040.0,1.08201206856242e-05,1.0403962197715608e-08,100.0,0.7,5.5,12.0,0.595106637709331,77.90486893649425,1.0,3.0,1.0,2.0,1.0,1.0,900.0,80.0,0.0009240589946230576,4.620294973115289e-06,0.48203637654455816,1.4957734835806895,1.9787385394148438,2861382.635538484,1.0515,0.0149,841583.1280995541,42634.60126952341,42634.60126952341,47490.04071833157,285847.7466513288,4292.073953307726,143069.13177692422,2861.382635538484,2575.244371984636,22891.061084307872,8584.147906615452,5722.765271076968,0.08371411706492496,0.01603311214033187,0.04128686707256861,0.012486080591871231,0.013908057260153255,0.01603311214033187,0.04128686707256861,0.012486080591871231,0.013908057260153255,0.0003969839561885004,0.013399999999999997,0.00011107330396475766,0.005079884136709999,0.005079884136709999,0.10820120685624202,34382.27073109647,393891.9973177551,76871.61375864776,49018.51912432877,3.4,841583.1280995541,1000.0,0.001,2.4693877551020407,default,CoagulationFlocculationZO,coag_and_floc
0.0015,0.05,0.001,0.9,0.008,0.003,0.002,1.0,5.9069053497942385e-08,0.475,30.0,0.05,0.06505143508027657,6.1e-06,1.1,3.63759,0.67,1.0,1.0,1.124346,3.49,0.79,0.79,1.02,0.44,0.88,0.15,1.53,7.072,0.12,0.97,0.510219804,1.3,0.08,0.14,0,0,0,0,0,0,0,0,2935264.137630334,0.0,0.0,2.3712156050839046,0.002593252065149602,1.2966260325748011e-05,1624.3950569988594,54830.66361868062,454.49425124679794,3086430.2407182967,100644.98857761826,7.0814,33269.0,952902.0,177335.0,212.32,73225.0,13662.0,20861.0,129.64963829365075,0.012964963829365078,10.0,0.5,1450.0,0.002593252065149602,1.7884497001031739e-06,0.1,1.0,1040.0,1.2966260325748011e-05,1.2467558005526825e-08,100.0,0.7,5.5,12.0,0.7131443179161407,93.3570743453857,1.0,3.0,1.0,2.0,1.0,1.0,900.0,80.0,0.001107343423308623,5.5367171165431155e-06,0.5776468975120741,1.7924558274314053,2.3712156050839046,2935264.137630334,1.0515,0.0149,863312.9816559807,43735.43565069198,43735.43565069198,56909.55292692628,301421.7050115069,4402.896206445501,146763.2068815167,2935.264137630334,2641.737723867301,23482.113101042672,8805.792412891002,5870.528275260668,0.0736640883145923,0.01372481342789504,0.03534276705817252,0.010688450568371482,0.013908057260153255,0.01372481342789504,0.03534276705817252,0.010688450568371482,0.013908057260153255,0.00039698395618850045,0.013399999999999999,0.00011107330396475766,0.00507988413671,0.00507988413671,0.12966260325748014,34603.084760404854,401671.56703367346,77594.90904961922,54603.48159527002,3.4,863312.9816559807,1000.0,0.001,2.9591836734693877,default,CoagulationFlocculationZO,coag_and_floc
0.0015,0.05,0.001,0.9,0.008,0.003,0.002,1.0,5.9069053497942385e-08,0.475,30.0,0.05,0.06505143508027657,6.1e-06,1.1,3.63759,0.67,1.0,1.0,1.124346,3.49,0.79,0.79,1.02,0.44,0.88,0.15,1.53,7.072,0.12,0.97,0.510219804,1.3,0.08,0.14,0,0,0,0,0,0,0,0,3009145.6397221847,0.0,0.0,2.763692670752964,0.003022479993174364,1.511239996587182e-05,1893.260445743498,63906.083803841546,529.7208859359231,3164116.6401678775,111165.33516738153,7.0814,33269.0,952902.0,177335.0,212.32,73225.0,13662.0,20861.0,151.10888876984123,0.015110888876984125,10.0,0.5,1450.0,0.003022479993174364,2.084468960809906e-06,0.1,1.0,1040.0,1.511239996587182e-05,1.4531153813338465e-08,100.0,0.7,5.5,12.0,0.8311819981229502,108.80927975427711,1.0,3.0,1.0,2.0,1.0,1.0,900.0,80.0,0.0012906278519941882,6.4531392599709415e-06,0.6732574184795898,2.08913817128212,2.763692670752964,3009145.6397221847,1.0515,0.0149,885042.8352124073,44836.27003186055,44836.27003186055,66329.06513552097,316995.663371685,4513.718459583277,150457.28198610924,3009.145639722185,2708.2310757499667,24073.16511777748,9027.436919166554,6018.29127944437,0.06646850559985709,0.012072126184079324,0.03108693213662267,0.009401390019001844,0.013908057260153258,0.012072126184079324,0.03108693213662267,0.009401390019001844,0.013908057260153258,0.00039698395618850045,0.013399999999999999,0.00011107330396475766,0.005079884136709999,0.005079884136709999,0.15112399965871823,34823.89878971325,409451.13674959185,78318.20434059067,60188.44406621127,3.4,885042.8352124073,1000.0,0.001,3.4489795918367347,default,CoagulationFlocculationZO,coag_and_floc
0.0015,0.05,0.001,0.9,0.008,0.003,0.002,1.0,5.9069053497942385e-08,0.475,30.0,0.05,0.06505143508027657,6.1e-06,1.1,3.63759,0.67,1.0,1.0,1.124346,3.49,0.79,0.79,1.02,0.44,0.88,0.15,1.53,7.072,0.12,0.97,0.510219804,1.3,0.08,0.14,0,0,0,0,0,0,0,0,3083027.1418140354,0.0,0.0,3.156169736422024,0.0034517079211991253,1.7258539605995625e-05,2162.1258344881367,72981.50398900246,604.9475206250482,3241803.0396174584,121685.68175714478,7.0814,33269.0,952902.0,177335.0,212.32,73225.0,13662.0,20861.0,172.56813924603168,0.017256813924603168,10.0,0.5,1450.0,0.0034517079211991253,2.3804882215166374e-06,0.1,1.0,1040.0,1.7258539605995625e-05,1.6594749621149682e-08,100.0,0.7,5.5,12.0,0.9492196783297596,124.26148516316854,1.0,3.0,1.0,2.0,1.0,1.0,900.0,80.0,0.001473912280679753,7.369561403398765e-06,0.7688679394471053,2.3858205151328358,3.156169736422024,3083027.1418140354,1.0515,0.0149,906772.688768834,45937.10441302913,45937.10441302913,75748.57734411565,332569.6217318631,4624.540712721053,154151.3570907018,3083.0271418140355,2774.724427632632,24664.217134512284,9249.081425442106,6166.054283628071,0.061062497860807335,0.010830469964632286,0.027889543205924603,0.008434427430097194,0.013908057260153258,0.010830469964632286,0.027889543205924603,0.008434427430097194,0.013908057260153258,0.00039698395618850045,0.013399999999999997,0.00011107330396475767,0.00507988413671,0.00507988413671,0.1725853960599563,35044.71281902164,417230.7064655102,79041.49963156212,65773.4065371525,3.4,906772.688768834,1000.0,0.001,3.9387755102040813,default,CoagulationFlocculationZO,coag_and_floc
0.0015,0.05,0.001,0.9,0.008,0.003,0.002,1.0,5.9069053497942385e-08,0.475,30.0,0.05,0.06505143508027657,6.1e-06,1.1,3.63759,0.67,1.0,1.0,1.124346,3.49,0.79,0.79,1.02,0.44,0.88,0.15,1.53,7.072,0.12,0.97,0.510219804,1.3,0.08,0.14,0,0,0,0,0,0,0,0,3156908.6439058864,0.0,0.0,3.548646802091084,0.003880935849223887,1.9404679246119436e-05,2430.991223232775,82056.9241741634,680.1741553141734,3319489.43906704,132206.02834690805,7.0814,33269.0,952902.0,177335.0,212.32,73225.0,13662.0,20861.0,194.02738972222215,0.01940273897222222,10.0,0.5,1450.0,0.003880935849223887,2.67650748222337e-06,0.1,1.0,1040.0,1.9404679246119436e-05,1.86583454289609e-08,100.0,0.7,5.5,12.0,1.067257358536569,139.71369057205996,1.0,3.0,1.0,2.0,1.0,1.0,900.0,80.0,0.001657196709365318,8.285983546826592e-06,0.864478460414621,2.682502858983551,3.548646802091084,3156908.6439058864,1.0515,0.0149,928502.5423252607,47037.93879419771,47037.93879419771,85168.08955271036,348143.5800920413,4735.36296585883,157845.43219529433,3156.9086439058865,2841.217779515298,25255.269151247092,9470.72593171766,6313.817287811773,0.05685228906864416,0.009863465812159706,0.02539941081289247,0.007681355183438735,0.013908057260153255,0.009863465812159706,0.02539941081289247,0.007681355183438735,0.013908057260153255,0.0003969839561885004,0.013399999999999999,0.00011107330396475766,0.00507988413671,0.00507988413671,0.19404679246119438,35265.526848330024,425010.2761814286,79764.79492253359,71358.36900809375,3.4,928502.5423252607,1000.0,0.001,4.428571428571429,default,CoagulationFlocculationZO,coag_and_floc
0.0015,0.05,0.001,0.9,0.008,0.003,0.002,1.0,5.9069053497942385e-08,0.475,30.0,0.05,0.06505143508027657,6.1e-06,1.1,3.63759,0.67,1.0,1.0,1.124346,3.49,0.79,0.79,1.02,0.44,0.88,0.15,1.53,7.072,0.12,0.97,0.510219804,1.3,0.08,0.14,0,0,0,0,0,0,0,0,3230790.145997737,0.0,0.0,3.941123867760143,0.004310163777248648,2.155081888624324e-05,2699.856611977413,91132.34435932431,755.4007900032985,3397175.838516621,142726.37493667132,7.0814,33269.0,952902.0,177335.0,212.32,73225.0,13662.0,20861.0,215.4866401984126,0.021548664019841263,10.0,0.5,1450.0,0.004310163777248648,2.9725267429301016e-06,0.1,1.0,1040.0,2.155081888624324e-05,2.0721941236772327e-08,100.0,0.7,5.5,12.0,1.1852950387433783,155.16589598095135,1.0,3.0,1.0,2.0,1.0,1.0,900.0,80.0,0.0018404811380508832,9.202405690254417e-06,0.9600889813821365,2.9791852028342656,3.941123867760143,3230790.145997737,1.0515,0.0149,950232.3958816874,48138.77317536628,48138.77317536628,94587.60176130502,363717.5384522194,4846.185218996606,161539.50729988687,3230.790145997737,2907.7111313979635,25846.321167981896,9692.370437993211,6461.580291995474,0.05348062808570851,0.009089059997109053,0.023405238398555524,0.0070782724298906734,0.013908057260153256,0.009089059997109053,0.023405238398555524,0.0070782724298906734,0.013908057260153256,0.0003969839561885004,0.013399999999999999,0.00011107330396475769,0.00507988413671,0.00507988413671,0.21550818886243242,35486.34087763842,432789.8458973469,80488.09021350504,76943.331479035,3.4,950232.3958816874,1000.0,0.001,4.918367346938775,default,CoagulationFlocculationZO,coag_and_floc
0.0015,0.05,0.001,0.9,0.008,0.003,0.002,1.0,5.9069053497942385e-08,0.475,30.0,0.05,0.06505143508027657,6.1e-06,1.1,3.63759,0.67,1.0,1.0,1.124346,3.49,0.79,0.79,1.02,0.44,0.88,0.15,1.53,7.072,0.12,0.97,0.510219804,1.3,0.08,0.14,0,0,0,0,0,0,0,0,3304671.648089587,0.0,0.0,4.333600933429204,0.00473939170527341,2.369695852636705e-05,2968.7220007220526,100207.76454448524,830.6274246924237,3474862.2379662013,153246.7215264346,7.0814,33269.0,952902.0,177335.0,212.32,73225.0,13662.0,20861.0,236.9458906746031,0.02369458906746031,10.0,0.5,1450.0,0.00473939170527341,3.2685460036368343e-06,0.1,1.0,1040.0,2.369695852636705e-05,2.2785537044583544e-08,100.0,0.7,5.5,12.0,1.303332718950188,170.6181013898428,1.0,3.0,1.0,2.0,1.0,1.0,900.0,80.0,0.0020237655667364484,1.0118827833682244e-05,1.0556995023496523,3.275867546684981,4.333600933429204,3304671.648089587,1.0515,0.0149,971962.2494381139,49239.60755653485,49239.60755653485,104007.11396989971,379291.4968123975,4957.007472134381,165233.58240447938,3304.6716480895875,2974.2044832806287,26437.3731847167,9914.014944268762,6609.343296179175,0.050719683054398924,0.008454923914595873,0.021772274572475832,0.006584427307173958,0.013908057260153258,0.008454923914595873,0.021772274572475832,0.006584427307173958,0.013908057260153258,0.00039698395618850045,0.013399999999999997,0.00011107330396475767,0.00507988413671,0.00507988413671,0.23696958526367054,35707.15490694681,440569.4156132653,81211.3855044765,82528.29394997624,3.4,971962.2494381139,1000.0,0.001,5.408163265306122,default,CoagulationFlocculationZO,coag_and_floc
0.0015,0.05,0.001,0.9,0.008,0.003,0.002,1.0,5.9069053497942385e-08,0.475,30.0,0.05,0.06505143508027657,6.1e-06,1.1,3.63759,0.67,1.0,1.0,1.124346,3.49,0.79,0.79,1.02,0.44,0.88,0.15,1.53,7.072,0.12,0.97,0.510219804,1.3,0.08,0.14,0,0,0,0,0,0,0,0,3378553.1501814383,0.0,0.0,4.726077999098265,0.005168619633298173,2.5843098166490866e-05,3237.587389466692,109283.1847296462,905.8540593815491,3552548.637415783,163767.0681161979,7.0814,33269.0,952902.0,177335.0,212.32,73225.0,13662.0,20861.0,258.4051411507936,0.02584051411507936,10.0,0.5,1450.0,0.005168619633298173,3.5645652643435675e-06,0.1,1.0,1040.0,2.5843098166490866e-05,2.4849132852394972e-08,100.0,0.7,5.5,12.0,1.4213703991569977,186.07030679873426,1.0,3.0,1.0,2.0,1.0,1.0,900.0,80.0,0.0022070499954220143,1.1035249977110072e-05,1.1513100233171683,3.5725498905356976,4.726077999098265,3378553.1501814383,1.0515,0.0149,993692.1029945407,50340.44193770343,50340.44193770343,113426.62617849444,394865.45517257566,5067.829725272158,168927.65750907193,3378.5531501814385,3040.6978351632947,27028.425201451508,10135.659450544315,6757.106300362877,0.04841730328780512,0.007926111472084883,0.02041052965176578,0.0061726049038011935,0.013908057260153255,0.007926111472084883,0.02041052965176578,0.0061726049038011935,0.013908057260153255,0.00039698395618850045,0.013399999999999997,0.00011107330396475766,0.00507988413671,0.00507988413671,0.2584309816649087,35927.968936255194,448348.9853291837,81934.68079544796,88113.2564209175,3.4,993692.1029945407,1000.0,0.001,5.8979591836734695,default,CoagulationFlocculationZO,coag_and_floc
0.0015,0.05,0.001,0.9,0.008,0.003,0.002,1.0,5.9069053497942385e-08,0.475,30.0,0.05,0.06505143508027657,6.1e-06,1.1,3.63759,0.67,1.0,1.0,1.124346,3.49,0.79,0.79,1.02,0.44,0.88,0.15,1.53,7.072,0.12,0.97,0.510219804,1.3,0.08,0.14,0,0,0,0,0,0,0,0,3452434.652273289,0.0,0.0,5.118555064767325,0.005597847561322934,2.7989237806614674e-05,3506.4527782113305,118358.60491480712,981.0806940706742,3630235.036865364,174287.41470596116,7.0814,33269.0,952902.0,177335.0,212.32,73225.0,13662.0,20861.0,279.86439162698406,0.027986439162698405,10.0,0.5,1450.0,0.005597847561322934,3.860584525050299e-06,0.1,1.0,1040.0,2.7989237806614674e-05,2.6912728660206613e-08,100.0,0.7,5.5,12.0,1.5394080793638072,201.52251220762565,1.0,3.0,1.0,2.0,1.0,1.0,900.0,80.0,0.002390334424107579,1.1951672120537897e-05,1.2469205442846838,3.8692322343864123,5.118555064767325,3452434.652273289,1.0515,0.0149,1015421.9565509674,51441.276318872006,51441.276318872006,122846.13838708913,410439.4135327538,5178.651978409934,172621.73261366447,3452.434652273289,3107.1911870459603,27619.47721818631,10357.303956819867,6904.869304546578,0.04646800412439504,0.007478394867403057,0.01925761462304961,0.005823937373789112,0.013908057260153256,0.007478394867403057,0.01925761462304961,0.005823937373789112,0.013908057260153256,0.00039698395618850045,0.013399999999999999,0.00011107330396475769,0.00507988413671,0.00507988413671,0.27989237806614675,36148.78296556359,456128.555045102,82657.97608641941,93698.21889185875,3.4,1015421.9565509674,1000.0,0.001,6.387755102040816,default,CoagulationFlocculationZO,coag_and_floc
0.0015,0.05,0.001,0.9,0.008,0.003,0.002,1.0,5.9069053497942385e-08,0.475,30.0,0.05,0.06505143508027657,6.1e-06,1.1,3.63759,0.67,1.0,1.0,1.124346,3.49,0.79,0.79,1.02,0.44,0.88,0.15,1.53,7.072,0.12,0.97,0.510219804,1.3,0.08,0.14,0,0,0,0,0,0,0,0,3526316.1543651395,0.0,0.0,5.511032130436384,0.006027075489347695,3.0135377446738478e-05,3775.318166955969,127434.02509996803,1056.3073287597992,3707921.4363149446,184807.76129572437,7.0814,33269.0,952902.0,177335.0,212.32,73225.0,13662.0,20861.0,301.3236421031745,0.03013236421031745,10.0,0.5,1450.0,0.006027075489347695,4.15660378575703e-06,0.1,1.0,1040.0,3.0135377446738478e-05,2.897632446801783e-08,100.0,0.7,5.5,12.0,1.6574457595706165,216.97471761651707,1.0,3.0,1.0,2.0,1.0,1.0,900.0,80.0,0.002573618852793144,1.2868094263965722e-05,1.3425310652521993,4.165914578237127,5.511032130436384,3526316.1543651395,1.0515,0.0149,1037151.810107394,52542.11070004058,52542.11070004058,132265.6505956838,426013.3718929319,5289.47423154771,176315.80771825698,3526.3161543651395,3173.684538928626,28210.529234921116,10578.94846309542,7052.632308730279,0.044796349945684315,0.007094447986830213,0.018268913010886484,0.005524931687814359,0.013908057260153256,0.007094447986830213,0.018268913010886484,0.005524931687814359,0.013908057260153256,0.00039698395618850045,0.013399999999999999,0.00011107330396475767,0.00507988413671,0.00507988413671,0.3013537744673848,36369.59699487198,463908.1247610204,83381.27137739086,99283.18136279998,3.4,1037151.810107394,1000.0,0.001,6.877551020408163,default,CoagulationFlocculationZO,coag_and_floc
0.0015,0.05,0.001,0.9,0.008,0.003,0.002,1.0,5.9069053497942385e-08,0.475,30.0,0.05,0.06505143508027657,6.1e-06,1.1,3.63759,0.67,1.0,1.0,1.124346,3.49,0.79,0.79,1.02,0.44,0.88,0.15,1.53,7.072,0.12,0.97,0.510219804,1.3,0.08,0.14,0,0,0,0,0,0,0,0,3600197.6564569897,0.0,0.0,5.903509196105444,0.006456303417372456,3.2281517086862286e-05,4044.1835557006075,136509.44528512892,1131.5339634489244,3785607.835764525,195328.10788548764,7.0814,33269.0,952902.0,177335.0,212.32,73225.0,13662.0,20861.0,322.78289257936495,0.0322782892579365,10.0,0.5,1450.0,0.006456303417372456,4.452623046463762e-06,0.1,1.0,1040.0,3.2281517086862286e-05,3.1039920275829046e-08,100.0,0.7,5.5,12.0,1.775483439777426,232.42692302540848,1.0,3.0,1.0,2.0,1.0,1.0,900.0,80.0,0.002756903281478709,1.3784516407393547e-05,1.438141586219715,4.462596922087842,5.903509196105444,3600197.6564569897,1.0515,0.0149,1058881.6636638206,53642.945081209145,53642.945081209145,141685.16280427846,441587.3302531099,5400.296484685485,180009.8828228495,3600.19765645699,3240.177890811291,28801.58125165592,10800.59296937097,7200.39531291398,0.04334696557466919,0.006761552215031598,0.01741167310892787,0.005265682990556468,0.013908057260153256,0.006761552215031598,0.01741167310892787,0.005265682990556468,0.013908057260153256,0.00039698395618850045,0.013399999999999995,0.00011107330396475767,0.005079884136709999,0.005079884136709999,0.3228151708686229,36590.411024180365,471687.69447693875,84104.56666836233,104868.14383374121,3.4,1058881.6636638206,1000.0,0.001,7.36734693877551,default,CoagulationFlocculationZO,coag_and_floc
0.0015,0.05,0.001,0.9,0.008,0.003,0.002,1.0,5.9069053497942385e-08,0.475,30.0,0.05,0.06505143508027657,6.1e-06,1.1,3.63759,0.67,1.0,1.0,1.124346,3.49,0.79,0.79,1.02,0.44,0.88,0.15,1.53,7.072,0.12,0.97,0.510219804,1.3,0.08,0.14,0,0,0,0,0,0,0,0,3674079.158548841,0.0,0.0,6.295986261774504,0.006885531345397219,3.44276567269861e-05,4313.048944445247,145584.8654702899,1206.7605981380498,3863294.2352141063,205848.4544752509,7.0814,33269.0,952902.0,177335.0,212.32,73225.0,13662.0,20861.0,344.24214305555546,0.03442421430555555,10.0,0.5,1450.0,0.006885531345397219,4.748642307170495e-06,0.1,1.0,1040.0,3.44276567269861e-05,3.3103516083640475e-08,100.0,0.7,5.5,12.0,1.8935211199842354,247.8791284342999,1.0,3.0,1.0,2.0,1.0,1.0,900.0,80.0,0.0029401877101642745,1.4700938550821374e-05,1.5337521071872309,4.759279265938558,6.295986261774504,3674079.158548841,1.0515,0.0149,1080611.5172202473,54743.77946237773,54743.77946237773,151104.6750128732,457161.2886132881,5511.118737823262,183703.95792744204,3674.079158548841,3306.671242693957,29392.633268390728,11022.237475646523,7348.158317097682,0.04207828367068972,0.006470160331665017,0.016661309870070588,0.005038756208800862,0.013908057260153258,0.006470160331665017,0.016661309870070588,0.005038756208800862,0.013908057260153258,0.00039698395618850045,0.013399999999999997,0.00011107330396475769,0.005079884136710001,0.005079884136710001,0.344276567269861,36811.22505348876,479467.26419285714,84827.86195933378,110453.10630468247,3.4,1080611.5172202473,1000.0,0.001,7.857142857142857,default,CoagulationFlocculationZO,coag_and_floc
0.0015,0.05,0.001,0.9,0.008,0.003,0.002,1.0,5.9069053497942385e-08,0.475,30.0,0.05,0.06505143508027657,6.1e-06,1.1,3.63759,0.67,1.0,1.0,1.124346,3.49,0.79,0.79,1.02,0.44,0.88,0.15,1.53,7.072,0.12,0.97,0.510219804,1.3,0.08,0.14,0,0,0,0,0,0,0,0,3747960.660640692,0.0,0.0,6.688463327443563,0.00731475927342198,3.65737963671099e-05,4581.914333189885,154660.2856554508,1281.9872328271745,3940980.634663688,216368.80106501418,7.0814,33269.0,952902.0,177335.0,212.32,73225.0,13662.0,20861.0,365.7013935317459,0.036570139353174595,10.0,0.5,1450.0,0.00731475927342198,5.0446615678772265e-06,0.1,1.0,1040.0,3.65737963671099e-05,3.51671118914519e-08,100.0,0.7,5.5,12.0,2.011558800191045,263.3313338431913,1.0,3.0,1.0,2.0,1.0,1.0,900.0,80.0,0.0031234721388498396,1.5617360694249198e-05,1.6293626281547464,5.055961609789273,6.688463327443563,3747960.660640692,1.0515,0.0149,1102341.370776674,55844.61384354631,55844.61384354631,160524.18722146787,472735.24697346624,5621.940990961038,187398.0330320346,3747.960660640692,3373.164594576623,29983.685285125535,11243.881981922075,7495.921321281384,0.040958493530502474,0.006212966028742438,0.015999008820614655,0.0048384614209921245,0.013908057260153256,0.006212966028742438,0.015999008820614655,0.0048384614209921245,0.013908057260153256,0.00039698395618850045,0.013399999999999997,0.00011107330396475765,0.00507988413671,0.00507988413671,0.36573796367109906,37032.03908279714,487246.8339087755,85551.15725030523,116038.0687756237,3.4,1102341.370776674,1000.0,0.001,8.346938775510203,default,CoagulationFlocculationZO,coag_and_floc
0.0015,0.05,0.001,0.9,0.008,0.003,0.002,1.0,5.9069053497942385e-08,0.475,30.0,0.05,0.06505143508027657,6.1e-06,1.1,3.63759,0.67,1.0,1.0,1.124346,3.49,0.79,0.79,1.02,0.44,0.88,0.15,1.53,7.072,0.12,0.97,0.510219804,1.3,0.08,0.14,0,0,0,0,0,0,0,0,3821842.1627325425,0.0,0.0,7.080940393112623,0.007743987201446741,3.871993600723371e-05,4850.779721934524,163735.70584061174,1357.2138675162998,4018667.034113269,226889.14765477745,7.0814,33269.0,952902.0,177335.0,212.32,73225.0,13662.0,20861.0,387.16064400793636,0.03871606440079364,10.0,0.5,1450.0,0.007743987201446741,5.34068082858396e-06,0.1,1.0,1040.0,3.871993600723371e-05,3.723070769926312e-08,100.0,0.7,5.5,12.0,2.129596480397854,278.78353925208273,1.0,3.0,1.0,2.0,1.0,1.0,900.0,80.0,0.003306756567535404,1.6533782837677023e-05,1.724973149122262,5.352643953639988,7.080940393112623,3821842.1627325425,1.0515,0.0149,1124071.2243331007,56945.448224714884,56945.448224714884,169943.69943006258,488309.20533364435,5732.763244098814,191092.10813662712,3821.8421627325424,3439.6579464592887,30574.73730186034,11465.526488197627,7643.684325465085,0.03996283717028979,0.005984282872564162,0.015410126825139977,0.004660370212432392,0.013908057260153256,0.005984282872564162,0.015410126825139977,0.004660370212432392,0.013908057260153256,0.00039698395618850045,0.013399999999999999,0.00011107330396475767,0.00507988413671,0.00507988413671,0.38719936007233713,37252.853112105535,495026.40362469386,86274.4525412767,121623.03124656495,3.4,1124071.2243331007,1000.0,0.001,8.83673469387755,default,CoagulationFlocculationZO,coag_and_floc
0.0015,0.05,0.001,0.9,0.008,0.003,0.002,1.0,5.9069053497942385e-08,0.475,30.0,0.05,0.06505143508027657,6.1e-06,1.1,3.63759,0.67,1.0,1.0,1.124346,3.49,0.79,0.79,1.02,0.44,0.88,0.15,1.53,7.072,0.12,0.97,0.510219804,1.3,0.08,0.14,0,0,0,0,0,0,0,0,3895723.664824393,0.0,0.0,7.473417458781685,0.008173215129471502,4.0866075647357524e-05,5119.645110679164,172811.12602577265,1432.4405022054252,4096353.433562849,237409.49424454072,7.0814,33269.0,952902.0,177335.0,212.32,73225.0,13662.0,20861.0,408.61989448412686,0.04086198944841269,10.0,0.5,1450.0,0.008173215129471502,5.636700089290691e-06,0.1,1.0,1040.0,4.0866075647357524e-05,3.929430350707455e-08,100.0,0.7,5.5,12.0,2.247634160604664,294.2357446609742,1.0,3.0,1.0,2.0,1.0,1.0,900.0,80.0,0.0034900409962209692,1.745020498110485e-05,1.820583670089778,5.649326297490704,7.473417458781685,3895723.664824393,1.0515,0.0149,1145801.0778895274,58046.282605883454,58046.282605883454,179363.21163865723,503883.16369382245,5843.58549723659,194786.18324121967,3895.7236648243934,3506.1512983419543,31165.789318595147,11687.17099447318,7791.447329648787,0.039071757408086306,0.005779618953796296,0.01488309676792084,0.004500984426215912,0.013908057260153251,0.005779618953796296,0.01488309676792084,0.004500984426215912,0.013908057260153251,0.0003969839561885005,0.013399999999999995,0.00011107330396475767,0.005079884136710001,0.005079884136710001,0.40866075647357525,37473.66714141393,502805.97334061225,86997.74783224815,127207.9937175062,3.4,1145801.0778895274,1000.0,0.001,9.326530612244898,default,CoagulationFlocculationZO,coag_and_floc
0.0015,0.05,0.001,0.9,0.008,0.003,0.002,1.0,5.9069053497942385e-08,0.475,30.0,0.05,0.06505143508027657,6.1e-06,1.1,3.63759,0.67,1.0,1.0,1.124346,3.49,0.79,0.79,1.02,0.44,0.88,0.15,1.53,7.072,0.12,0.97,0.510219804,1.3,0.08,0.14,0,0,0,0,0,0,0,0,3969605.1669162437,0.0,0.0,7.865894524450743,0.008602443057496264,4.301221528748133e-05,5388.510499423801,181886.54621093356,1507.6671368945501,4174039.833012431,247929.84083430396,7.0814,33269.0,952902.0,177335.0,212.32,73225.0,13662.0,20861.0,430.0791449603173,0.04300791449603173,10.0,0.5,1450.0,0.008602443057496264,5.9327193499974225e-06,0.1,1.0,1040.0,4.301221528748133e-05,4.135789931488598e-08,100.0,0.7,5.5,12.0,2.3656718408114736,309.6879500698656,1.0,3.0,1.0,2.0,1.0,1.0,900.0,80.0,0.0036733254249065347,1.836662712453268e-05,1.9161941910572937,5.946008641341419,7.865894524450743,3969605.1669162437,1.0515,0.0149,1167530.9314459541,59147.11698705203,59147.11698705203,188782.7238472519,519457.1220540005,5954.407750374366,198480.2583458122,3969.605166916244,3572.64465022462,31756.84133532995,11908.815500748731,7939.210333832488,0.038269600366435355,0.0055953788772339546,0.014408660146765158,0.004357504082282991,0.013908057260153253,0.0055953788772339546,0.014408660146765158,0.004357504082282991,0.013908057260153253,0.0003969839561885004,0.013399999999999995,0.00011107330396475766,0.005079884136709999,0.005079884136709999,0.43012215287481337,37694.48117072231,510585.5430565306,87721.0431232196,132792.95618844742,3.4,1167530.9314459541,1000.0,0.001,9.816326530612244,default,CoagulationFlocculationZO,coag_and_floc
0.0015,0.05,0.001,0.9,0.008,0.003,0.002,1.0,5.9069053497942385e-08,0.475,30.0,0.05,0.06505143508027657,6.1e-06,1.1,3.63759,0.67,1.0,1.0,1.124346,3.49,0.79,0.79,1.02,0.44,0.88,0.15,1.53,7.072,0.12,0.97,0.510219804,1.3,0.08,0.14,0,0,0,0,0,0,0,0,4043486.6690080944,0.0,0.0,8.258371590119804,0.009031670985521026,4.515835492760513e-05,5657.37588816844,190961.9663960945,1582.893771583675,4251726.232462011,258450.18742406723,7.0814,33269.0,952902.0,177335.0,212.32,73225.0,13662.0,20861.0,451.53839543650776,0.04515383954365078,10.0,0.5,1450.0,0.009031670985521026,6.228738610704156e-06,0.1,1.0,1040.0,4.515835492760513e-05,4.3421495122697194e-08,100.0,0.7,5.5,12.0,2.483709521018283,325.14015547875704,1.0,3.0,1.0,2.0,1.0,1.0,900.0,80.0,0.0038566098535920998,1.9283049267960498e-05,2.0118047120248095,6.242690985192135,8.258371590119804,4043486.6690080944,1.0515,0.0149,1189260.7850023806,60247.95136822061,60247.95136822061,198202.23605584662,535031.0804141787,6065.230003512142,202174.33345040472,4043.4866690080944,3639.138002107285,32347.893352064755,12130.460007024283,8086.973338016189,0.037543687954485885,0.0054286507287409054,0.013979318491580708,0.004227661474011021,0.013908057260153255,0.0054286507287409054,0.013979318491580708,0.004227661474011021,0.013908057260153255,0.00039698395618850045,0.013399999999999997,0.00011107330396475765,0.00507988413671,0.00507988413671,0.45158354927605143,37915.295200030705,518365.112772449,88444.33841419106,138377.91865938867,3.4,1189260.7850023806,1000.0,0.001,10.306122448979592,default,CoagulationFlocculationZO,coag_and_floc
0.0015,0.05,0.001,0.9,0.008,0.003,0.002,1.0,5.9069053497942385e-08,0.475,30.0,0.05,0.06505143508027657,6.1e-06,1.1,3.63759,0.67,1.0,1.0,1.124346,3.49,0.79,0.79,1.02,0.44,0.88,0.15,1.53,7.072,0.12,0.97,0.510219804,1.3,0.08,0.14,0,0,0,0,0,0,0,0,4117368.1710999454,0.0,0.0,8.650848655788865,0.00946089891354579,4.7304494567728953e-05,5926.241276913081,200037.3865812555,1658.120406272801,4329412.631911593,268970.5340138306,7.0814,33269.0,952902.0,177335.0,212.32,73225.0,13662.0,20861.0,472.9976459126983,0.04729976459126983,10.0,0.5,1450.0,0.00946089891354579,6.524757871410889e-06,0.1,1.0,1040.0,4.7304494567728953e-05,4.548509093050862e-08,100.0,0.7,5.5,12.0,2.601747201225093,340.5923608876485,1.0,3.0,1.0,2.0,1.0,1.0,900.0,80.0,0.004039894282277666,2.0199471411388333e-05,2.1074152329923255,6.539373329042851,8.650848655788865,4117368.1710999454,1.0515,0.0149,1210990.6385588075,61348.785749389186,61348.785749389186,207621.74826444138,550605.038774357,6176.0522566499185,205868.4085549973,4117.368171099945,3705.631353989951,32938.94536879956,12352.104513299837,8234.73634219989,0.03688364283133335,0.005277051032285032,0.013588934113237191,0.004109600425657867,0.013908057260153256,0.005277051032285032,0.013588934113237191,0.004109600425657867,0.013908057260153256,0.0003969839561885005,0.013399999999999999,0.00011107330396475767,0.00507988413671,0.00507988413671,0.4730449456772896,38136.1092293391,526144.6824883674,89167.63370516252,143962.88113032994,3.4,1210990.6385588075,1000.0,0.001,10.795918367346939,default,CoagulationFlocculationZO,coag_and_floc
0.0015,0.05,0.001,0.9,0.008,0.003,0.002,1.0,5.9069053497942385e-08,0.475,30.0,0.05,0.06505143508027657,6.1e-06,1.1,3.63759,0.67,1.0,1.0,1.124346,3.49,0.79,0.79,1.02,0.44,0.88,0.15,1.53,7.072,0.12,0.97,0.510219804,1.3,0.08,0.14,0,0,0,0,0,0,0,0,4191249.6731917956,0.0,0.0,9.043325721457922,0.009890126841570548,4.945063420785275e-05,6195.106665657717,209112.80676641632,1733.3470409619256,4407099.031361174,279490.8806035938,7.0814,33269.0,952902.0,177335.0,212.32,73225.0,13662.0,20861.0,494.45689638888865,0.04944568963888887,10.0,0.5,1450.0,0.009890126841570548,6.8207771321176195e-06,0.1,1.0,1040.0,4.945063420785275e-05,4.754868673832005e-08,100.0,0.7,5.5,12.0,2.7197848814319014,356.0445662965398,1.0,3.0,1.0,2.0,1.0,1.0,900.0,80.0,0.0042231787109632294,2.111589355481615e-05,2.20302575395984,6.836055672893564,9.043325721457922,4191249.6731917956,1.0515,0.0149,1232720.492115234,62449.620130557756,62449.620130557756,217041.26047303597,566178.9971345349,6286.874509787694,209562.48365958978,4191.249673191795,3772.1247058726162,33529.99738553436,12573.749019575387,8382.49934638359,0.036280889147441785,0.00513861007982533,0.013232434816558211,0.004001786990904989,0.013908057260153255,0.00513861007982533,0.013232434816558211,0.004001786990904989,0.013908057260153255,0.00039698395618850045,0.013399999999999995,0.00011107330396475767,0.00507988413671,0.00507988413671,0.49450634207852756,38356.92325864748,533924.2522042857,89890.92899613397,149547.84360127116,3.4,1232720.492115234,1000.0,0.001,11.285714285714285,default,CoagulationFlocculationZO,coag_and_floc
0.0015,0.05,0.001,0.9,0.008,0.003,0.002,1.0,5.9069053497942385e-08,0.475,30.0,0.05,0.06505143508027657,6.1e-06,1.1,3.63759,0.67,1.0,1.0,1.124346,3.49,0.79,0.79,1.02,0.44,0.88,0.15,1.53,7.072,0.12,0.97,0.510219804,1.3,0.08,0.14,0,0,0,0,0,0,0,0,4265131.175283645,0.0,0.0,9.435802787126981,0.01031935476959531,5.1596773847976555e-05,6463.972054402355,218188.22695157726,1808.5736756510505,4484785.430810754,290011.227193357,7.0814,33269.0,952902.0,177335.0,212.32,73225.0,13662.0,20861.0,515.9161468650792,0.05159161468650792,10.0,0.5,1450.0,0.01031935476959531,7.116796392824352e-06,0.1,1.0,1040.0,5.1596773847976555e-05,4.961228254613137e-08,100.0,0.7,5.5,12.0,2.8378225616387107,371.49677170543123,1.0,3.0,1.0,2.0,1.0,1.0,900.0,80.0,0.004406463139648795,2.2032315698243973e-05,2.2986362749273557,7.132738016744279,9.435802787126981,4265131.175283645,1.0515,0.0149,1254450.3456716605,63550.45451172631,63550.45451172631,226460.77268163068,581752.955494713,6397.696762925468,213256.55876418226,4265.1311752836455,3838.618057755281,34121.049402269164,12795.393525850935,8530.262350567291,0.03572827788439389,0.005011685879043383,0.012905592307124618,0.003902942438072626,0.013908057260153256,0.005011685879043383,0.012905592307124618,0.003902942438072626,0.013908057260153256,0.0003969839561885004,0.013399999999999997,0.00011107330396475766,0.005079884136709999,0.005079884136709999,0.5159677384797656,38577.737287955875,541703.821920204,90614.22428710543,155132.80607221238,3.4,1254450.3456716605,1000.0,0.001,11.775510204081632,default,CoagulationFlocculationZO,coag_and_floc
0.0015,0.05,0.001,0.9,0.008,0.003,0.002,1.0,5.9069053497942385e-08,0.475,30.0,0.05,0.06505143508027657,6.1e-06,1.1,3.63759,0.67,1.0,1.0,1.124346,3.49,0.79,0.79,1.02,0.44,0.88,0.15,1.53,7.072,0.12,0.97,0.510219804,1.3,0.08,0.14,0,0,0,0,0,0,0,0,4339012.677375497,0.0,0.0,9.828279852796042,0.010748582697620072,5.374291348810036e-05,6732.837443146995,227263.6471367382,1883.8003103401757,4562471.8302603355,300531.5737831203,7.0814,33269.0,952902.0,177335.0,212.32,73225.0,13662.0,20861.0,537.3753973412696,0.053737539734126975,10.0,0.5,1450.0,0.010748582697620072,7.412815653531084e-06,0.1,1.0,1040.0,5.374291348810036e-05,5.167587835394259e-08,100.0,0.7,5.5,12.0,2.9558602418455204,386.9489771143227,1.0,3.0,1.0,2.0,1.0,1.0,900.0,80.0,0.00458974756833436,2.2948737841671802e-05,2.3942467958948717,7.429420360594995,9.828279852796042,4339012.677375497,1.0515,0.0149,1276180.1992280874,64651.28889289491,64651.28889289491,235880.28489022536,597326.9138548912,6508.519016063246,216950.63386877486,4339.012677375497,3905.111409637948,34712.10141900398,13017.038032126493,8678.025354750995,0.03521980196348626,0.00489489871925567,0.012604853691955275,0.0038119922921220507,0.013908057260153256,0.00489489871925567,0.012604853691955275,0.0038119922921220507,0.013908057260153256,0.00039698395618850045,0.013399999999999997,0.00011107330396475765,0.00507988413671,0.00507988413671,0.5374291348810037,38798.55131726427,549483.3916361225,91337.51957807688,160717.76854315362,3.4,1276180.1992280874,1000.0,0.001,12.26530612244898,default,CoagulationFlocculationZO,coag_and_floc
0.0015,0.05,0.001,0.9,0.008,0.003,0.002,1.0,5.9069053497942385e-08,0.475,30.0,0.05,0.06505143508027657,6.1e-06,1.1,3.63759,0.67,1.0,1.0,1.124346,3.49,0.79,0.79,1.02,0.44,0.88,0.15,1.53,7.072,0.12,0.97,0.510219804,1.3,0.08,0.14,0,0,0,0,0,0,0,0,4412894.179467347,0.0,0.0,10.220756918465103,0.011177810625644836,5.588905312822418e-05,7001.702831891634,236339.06732189917,1959.0269450293013,4640158.229709917,311051.9203728836,7.0814,33269.0,952902.0,177335.0,212.32,73225.0,13662.0,20861.0,558.8346478174601,0.055883464781746016,10.0,0.5,1450.0,0.011177810625644836,7.708834914237818e-06,0.1,1.0,1040.0,5.588905312822418e-05,5.373947416175402e-08,100.0,0.7,5.5,12.0,3.07389792205233,402.4011825232141,1.0,3.0,1.0,2.0,1.0,1.0,900.0,80.0,0.004773031997019926,2.386515998509963e-05,2.4898573168623876,7.726102704445711,10.220756918465103,4412894.179467347,1.0515,0.0149,1297910.052784514,65752.12327406347,65752.12327406347,245299.7970988201,612900.8722150694,6619.3412692010215,220644.70897336738,4412.894179467347,3971.604761520613,35303.15343573878,13238.682538402043,8825.788358934695,0.034750376993304334,0.004787080813339652,0.01232721180243094,0.003728027117380478,0.013908057260153256,0.004787080813339652,0.01232721180243094,0.003728027117380478,0.013908057260153256,0.00039698395618850045,0.013399999999999999,0.00011107330396475767,0.00507988413671,0.00507988413671,0.5588905312822419,39019.36534657265,557262.9613520408,92060.81486904835,166302.7310140949,3.4,1297910.052784514,1000.0,0.001,12.755102040816325,default,CoagulationFlocculationZO,coag_and_floc
0.0015,0.05,0.001,0.9,0.008,0.003,0.002,1.0,5.9069053497942385e-08,0.475,30.0,0.05,0.06505143508027657,6.1e-06,1.1,3.63759,0.67,1.0,1.0,1.124346,3.49,0.79,0.79,1.02,0.44,0.88,0.15,1.53,7.072,0.12,0.97,0.510219804,1.3,0.08,0.14,0,0,0,0,0,0,0,0,4486775.681559199,0.0,0.0,10.613233984134162,0.011607038553669595,5.803519276834798e-05,7270.568220636273,245414.48750706005,2034.253579718426,4717844.629159497,321572.26696264686,7.0814,33269.0,952902.0,177335.0,212.32,73225.0,13662.0,20861.0,580.2938982936505,0.05802938982936506,10.0,0.5,1450.0,0.011607038553669595,8.004854174944548e-06,0.1,1.0,1040.0,5.803519276834798e-05,5.580306996956545e-08,100.0,0.7,5.5,12.0,3.1919356022591394,417.85338793210553,1.0,3.0,1.0,2.0,1.0,1.0,900.0,80.0,0.0049563164257054905,2.4781582128527455e-05,2.585467837829903,8.022785048296425,10.613233984134162,4486775.681559199,1.0515,0.0149,1319639.9063409409,66852.95765523207,66852.95765523207,254719.30930741475,628474.8305752473,6730.1635223387975,224338.78407795995,4486.775681559198,4038.098113403279,35894.20545247359,13460.327044677595,8973.551363118397,0.03431567066498485,0.004687237113100012,0.012070104289943843,0.0036502720017877444,0.013908057260153255,0.004687237113100012,0.012070104289943843,0.0036502720017877444,0.013908057260153255,0.0003969839561885005,0.013399999999999997,0.00011107330396475766,0.00507988413671,0.00507988413671,0.5803519276834799,39240.179375881045,565042.5310679591,92784.1101600198,171887.6934850361,3.4,1319639.9063409409,1000.0,0.001,13.244897959183673,default,CoagulationFlocculationZO,coag_and_floc
0.0015,0.05,0.001,0.9,0.008,0.003,0.002,1.0,5.9069053497942385e-08,0.475,30.0,0.05,0.06505143508027657,6.1e-06,1.1,3.63759,0.67,1.0,1.0,1.124346,3.49,0.79,0.79,1.02,0.44,0.88,0.15,1.53,7.072,0.12,0.97,0.510219804,1.3,0.08,0.14,0,0,0,0,0,0,0,0,4560657.183651049,0.0,0.0,11.005711049803223,0.01203626648169436,6.0181332408471807e-05,7539.4336093809125,254489.90769222105,2109.480214407552,4795531.028609078,332092.61355241016,7.0814,33269.0,952902.0,177335.0,212.32,73225.0,13662.0,20861.0,601.7531487698411,0.06017531487698411,10.0,0.5,1450.0,0.01203626648169436,8.300873435651283e-06,0.1,1.0,1040.0,6.0181332408471807e-05,5.7866665777376664e-08,100.0,0.7,5.5,12.0,3.3099732824659496,433.305593340997,1.0,3.0,1.0,2.0,1.0,1.0,900.0,80.0,0.005139600854391057,2.5698004271955287e-05,2.681078358797419,8.319467392147141,11.005711049803223,4560657.183651049,1.0515,0.0149,1341369.7598973673,67953.79203640063,67953.79203640063,264138.8215160095,644048.7889354255,6840.9857754765735,228032.85918255243,4560.657183651048,4104.591465285945,36485.25746920839,13681.971550953147,9121.314367302097,0.033911968651315204,0.004594514508865575,0.011831334311779743,0.00357806257051663,0.013908057260153258,0.004594514508865575,0.011831334311779743,0.00357806257051663,0.013908057260153258,0.0003969839561885005,0.013399999999999999,0.00011107330396475769,0.005079884136709998,0.005079884136709998,0.6018133240847181,39460.99340518944,572822.1007838775,93507.40545099127,177472.65595597742,3.4,1341369.7598973673,1000.0,0.001,13.73469387755102,default,CoagulationFlocculationZO,coag_and_floc
0.0015,0.05,0.001,0.9,0.008,0.003,0.002,1.0,5.9069053497942385e-08,0.475,30.0,0.05,0.06505143508027657,6.1e-06,1.1,3.63759,0.67,1.0,1.0,1.124346,3.49,0.79,0.79,1.02,0.44,0.88,0.15,1.53,7.072,0.12,0.97,0.510219804,1.3,0.08,0.14,0,0,0,0,0,0,0,0,4634538.6857429,0.0,0.0,11.398188115472283,0.01246549440971912,6.232747204859561e-05,7808.29899812555,263565.32787738193,2184.7068490966767,4873217.42805866,342612.9601421734,7.0814,33269.0,952902.0,177335.0,212.32,73225.0,13662.0,20861.0,623.2123992460315,0.062321239924603165,10.0,0.5,1450.0,0.01246549440971912,8.596892696358014e-06,0.1,1.0,1040.0,6.232747204859561e-05,5.993026158518809e-08,100.0,0.7,5.5,12.0,3.428010962672759,448.7577987498884,1.0,3.0,1.0,2.0,1.0,1.0,900.0,80.0,0.0053228852830766215,2.661442641538311e-05,2.7766888797649347,8.616149735997856,11.398188115472283,4634538.6857429,1.0515,0.0149,1363099.613453794,69054.6264175692,69054.6264175692,273558.33372460416,659622.7472956036,6951.8080286143495,231726.934287145,4634.5386857429,4171.08481716861,37076.3094859432,13903.616057228699,9269.0773714858,0.03353606821104031,0.004508177392440685,0.011609007603274008,0.0035108259551723652,0.013908057260153256,0.004508177392440685,0.011609007603274008,0.0035108259551723652,0.013908057260153256,0.0003969839561885004,0.013399999999999997,0.00011107330396475766,0.00507988413671,0.00507988413671,0.6232747204859561,39681.80743449782,580601.6704997959,94230.70074196272,183057.61842691863,3.4,1363099.613453794,1000.0,0.001,14.224489795918368,default,CoagulationFlocculationZO,coag_and_floc
0.0015,0.05,0.001,0.9,0.008,0.003,0.002,1.0,5.9069053497942385e-08,0.475,30.0,0.05,0.06505143508027657,6.1e-06,1.1,3.63759,0.67,1.0,1.0,1.124346,3.49,0.79,0.79,1.02,0.44,0.88,0.15,1.53,7.072,0.12,0.97,0.510219804,1.3,0.08,0.14,0,0,0,0,0,0,0,0,4708420.187834751,0.0,0.0,11.790665181141344,0.012894722337743882,6.447361168871942e-05,8077.16438687019,272640.7480625429,2259.9334837858023,4950903.827508241,353133.3067319367,7.0814,33269.0,952902.0,177335.0,212.32,73225.0,13662.0,20861.0,644.671649722222,0.0644671649722222,10.0,0.5,1450.0,0.012894722337743882,8.892911957064746e-06,0.1,1.0,1040.0,6.447361168871942e-05,6.199385739299952e-08,100.0,0.7,5.5,12.0,3.546048642879568,464.2100041587799,1.0,3.0,1.0,2.0,1.0,1.0,900.0,80.0,0.0055061697117621865,2.7530848558810934e-05,2.8722994007324503,8.912832079848574,11.790665181141344,4708420.187834751,1.0515,0.0149,1384829.467010221,70155.46079873778,70155.46079873778,282977.84593319887,675196.7056557818,7062.630281752126,235421.00939173755,4708.420187834751,4237.578169051276,37667.36150267801,14125.260563504253,9416.840375669502,0.033185193042794825,0.004427588100687632,0.011401482118080723,0.0034480655638732113,0.013908057260153255,0.004427588100687632,0.011401482118080723,0.0034480655638732113,0.013908057260153255,0.0003969839561885005,0.013399999999999997,0.00011107330396475769,0.00507988413671,0.00507988413671,0.6447361168871942,39902.621463806216,588381.2402157143,94953.99603293417,188642.58089785988,3.4,1384829.467010221,1000.0,0.001,14.714285714285714,default,CoagulationFlocculationZO,coag_and_floc
0.0015,0.05,0.001,0.9,0.008,0.003,0.002,1.0,5.9069053497942385e-08,0.475,30.0,0.05,0.06505143508027657,6.1e-06,1.1,3.63759,0.67,1.0,1.0,1.124346,3.49,0.79,0.79,1.02,0.44,0.88,0.15,1.53,7.072,0.12,0.97,0.510219804,1.3,0.08,0.14,0,0,0,0,0,0,0,0,4782301.689926601,0.0,0.0,12.183142246810403,0.013323950265768643,6.661975132884321e-05,8346.029775614827,281716.1682477038,2335.1601184749265,5028590.226957821,363653.6533216999,7.0814,33269.0,952902.0,177335.0,212.32,73225.0,13662.0,20861.0,666.1309001984124,0.06661309001984125,10.0,0.5,1450.0,0.013323950265768643,9.188931217771477e-06,0.1,1.0,1040.0,6.661975132884321e-05,6.405745320081074e-08,100.0,0.7,5.5,12.0,3.6640863230863774,479.66220956767125,1.0,3.0,1.0,2.0,1.0,1.0,900.0,80.0,0.0056894541404477516,2.8447270702238756e-05,2.967909921699966,9.209514423699288,12.183142246810403,4782301.689926601,1.0515,0.0149,1406559.3205666475,71256.29517990636,71256.29517990636,292397.3581417936,690770.6640159598,7173.4525348899015,239115.08449633006,4782.301689926601,4304.071520933941,38258.41351941281,14346.905069779803,9564.603379853203,0.0328569245967987,0.004352191139141488,0.011207327402403247,0.0033893487951007152,0.013908057260153255,0.004352191139141488,0.011207327402403247,0.0033893487951007152,0.013908057260153255,0.0003969839561885005,0.0134,0.00011107330396475766,0.005079884136710001,0.005079884136710001,0.6661975132884322,40123.43549311461,596160.8099316326,95677.29132390562,194227.54336880107,3.4,1406559.3205666475,1000.0,0.001,15.204081632653061,default,CoagulationFlocculationZO,coag_and_floc
0.0015,0.05,0.001,0.9,0.008,0.003,0.002,1.0,5.9069053497942385e-08,0.475,30.0,0.05,0.06505143508027657,6.1e-06,1.1,3.63759,0.67,1.0,1.0,1.124346,3.49,0.79,0.79,1.02,0.44,0.88,0.15,1.53,7.072,0.12,0.97,0.510219804,1.3,0.08,0.14,0,0,0,0,0,0,0,0,4856183.192018453,0.0,0.0,12.575619312479464,0.013753178193793408,6.876589096896704e-05,8614.895164359466,290791.58843286475,2410.3867531640526,5106276.6264074035,374173.9999114633,7.0814,33269.0,952902.0,177335.0,212.32,73225.0,13662.0,20861.0,687.590150674603,0.06875901506746031,10.0,0.5,1450.0,0.013753178193793408,9.484950478478212e-06,0.1,1.0,1040.0,6.876589096896704e-05,6.612104900862217e-08,100.0,0.7,5.5,12.0,3.7821240032931875,495.1144149765627,1.0,3.0,1.0,2.0,1.0,1.0,900.0,80.0,0.005872738569133318,2.936369284566659e-05,3.0635204426674822,9.506196767550003,12.575619312479464,4856183.192018453,1.0515,0.0149,1428289.1741230744,72357.12956107495,72357.12956107495,301816.8703503883,706344.6223761381,7284.274788027679,242809.15960092266,4856.183192018453,4370.564872816608,38849.465536147625,14568.549576055359,9712.366384036906,0.03254914624886216,0.004281500359850498,0.01102529157665102,0.003334297052207385,0.013908057260153256,0.004281500359850498,0.01102529157665102,0.003334297052207385,0.013908057260153256,0.0003969839561885004,0.013399999999999997,0.00011107330396475767,0.005079884136709999,0.005079884136709999,0.6876589096896705,40344.24952242299,603940.379647551,96400.58661487709,199812.5058397424,3.4,1428289.1741230744,1000.0,0.001,15.693877551020408,default,CoagulationFlocculationZO,coag_and_floc
0.0015,0.05,0.001,0.9,0.008,0.003,0.002,1.0,5.9069053497942385e-08,0.475,30.0,0.05,0.06505143508027657,6.1e-06,1.1,3.63759,0.67,1.0,1.0,1.124346,3.49,0.79,0.79,1.02,0.44,0.88,0.15,1.53,7.072,0.12,0.97,0.510219804,1.3,0.08,0.14,0,0,0,0,0,0,0,0,4930064.694110302,0.0,0.0,12.968096378148523,0.014182406121818166,7.091203060909084e-05,8883.760553104104,299867.00861802563,2485.6133878531778,5183963.025856983,384694.3465012264,7.0814,33269.0,952902.0,177335.0,212.32,73225.0,13662.0,20861.0,709.0494011507934,0.07090494011507935,10.0,0.5,1450.0,0.014182406121818166,9.780969739184942e-06,0.1,1.0,1040.0,7.091203060909084e-05,6.818464481643349e-08,100.0,0.7,5.5,12.0,3.900161683499997,510.5666203854541,1.0,3.0,1.0,2.0,1.0,1.0,900.0,80.0,0.006056022997818882,3.028011498909441e-05,3.159130963634998,9.802879111400717,12.968096378148523,4930064.694110302,1.0515,0.0149,1450019.0276795006,73457.9639422435,73457.9639422435,311236.38255898294,721918.580736316,7395.097041165453,246503.23470551512,4930.064694110302,4437.058224699273,39440.51755288242,14790.194082330907,9860.129388220605,0.03225999761177171,0.004215088467578384,0.010854274312861097,0.0032825775711789727,0.013908057260153255,0.004215088467578384,0.010854274312861097,0.0032825775711789727,0.013908057260153255,0.00039698395618850045,0.013399999999999997,0.00011107330396475769,0.00507988413671,0.00507988413671,0.7091203060909085,40565.063551731386,611719.9493634694,97123.88190584854,205397.46831068362,3.4,1450019.0276795006,1000.0,0.001,16.183673469387756,default,CoagulationFlocculationZO,coag_and_floc
0.0015,0.05,0.001,0.9,0.008,0.003,0.002,1.0,5.9069053497942385e-08,0.475,30.0,0.05,0.06505143508027657,6.1e-06,1.1,3.63759,0.67,1.0,1.0,1.124346,3.49,0.79,0.79,1.02,0.44,0.88,0.15,1.53,7.072,0.12,0.97,0.510219804,1.3,0.08,0.14,0,0,0,0,0,0,0,0,5003946.196202152,0.0,0.0,13.360573443817584,0.014611634049842927,7.305817024921465e-05,9152.625941848744,308942.4288031865,2560.840022542303,5261649.425306564,395214.69309098966,7.0814,33269.0,952902.0,177335.0,212.32,73225.0,13662.0,20861.0,730.5086516269838,0.07305086516269839,10.0,0.5,1450.0,0.014611634049842927,1.0076988999891673e-05,0.1,1.0,1040.0,7.305817024921465e-05,7.024824062424481e-08,100.0,0.7,5.5,12.0,4.018199363706806,526.0188257943455,1.0,3.0,1.0,2.0,1.0,1.0,900.0,80.0,0.006239307426504447,3.1196537132522235e-05,3.2547414846025133,10.099561455251433,13.360573443817584,5003946.196202152,1.0515,0.0149,1471748.881235927,74558.79832341208,74558.79832341208,320655.8947675776,737492.5390964942,7505.9192943032285,250197.30981010763,5003.946196202152,4503.551576581937,40031.56956961722,15011.838588606457,10007.892392404305,0.0319878368995042,0.004152578375586637,0.010693304574973153,0.0032338966887911534,0.013908057260153256,0.004152578375586637,0.010693304574973153,0.0032338966887911534,0.013908057260153256,0.0003969839561885005,0.013399999999999995,0.00011107330396475769,0.00507988413671,0.00507988413671,0.7305817024921465,40785.87758103978,619499.5190793877,97847.17719681999,210982.43078162486,3.4,1471748.881235927,1000.0,0.001,16.6734693877551,default,CoagulationFlocculationZO,coag_and_floc
0.0015,0.05,0.001,0.9,0.008,0.003,0.002,1.0,5.9069053497942385e-08,0.475,30.0,0.05,0.06505143508027657,6.1e-06,1.1,3.63759,0.67,1.0,1.0,1.124346,3.49,0.79,0.79,1.02,0.44,0.88,0.15,1.53,7.072,0.12,0.97,0.510219804,1.3,0.08,0.14,0,0,0,0,0,0,0,0,5077827.698294003,0.0,0.0,13.753050509486641,0.015040861977867689,7.520430988933844e-05,9421.491330593382,318017.8489883475,2636.0666572314276,5339335.824756145,405735.039680753,7.0814,33269.0,952902.0,177335.0,212.32,73225.0,13662.0,20861.0,751.9679021031743,0.07519679021031744,10.0,0.5,1450.0,0.015040861977867689,1.0373008260598405e-05,0.1,1.0,1040.0,7.520430988933844e-05,7.231183643205624e-08,100.0,0.7,5.5,12.0,4.136237043913615,541.4710312032369,1.0,3.0,1.0,2.0,1.0,1.0,900.0,80.0,0.006422591855190012,3.2112959275950056e-05,3.3503520055700284,10.396243799102146,13.753050509486641,5077827.698294003,1.0515,0.0149,1493478.7347923538,75659.63270458064,75659.63270458064,330075.40697617235,753066.4974566724,7616.741547441004,253891.38491470015,5077.827698294002,4570.044928464603,40622.62158635202,15233.483094882007,10155.655396588005,0.031731209735618195,0.004093636041520699,0.010541522170519953,0.003187994263424279,0.013908057260153256,0.004093636041520699,0.010541522170519953,0.003187994263424279,0.013908057260153256,0.0003969839561885005,0.013399999999999999,0.00011107330396475767,0.005079884136709999,0.005079884136709999,0.7520430988933846,41006.69161034816,627279.088795306,98570.47248779146,216567.39325256605,3.4,1493478.7347923538,1000.0,0.001,17.163265306122447,default,CoagulationFlocculationZO,coag_and_floc
0.0015,0.05,0.001,0.9,0.008,0.003,0.002,1.0,5.9069053497942385e-08,0.475,30.0,0.05,0.06505143508027657,6.1e-06,1.1,3.63759,0.67,1.0,1.0,1.124346,3.49,0.79,0.79,1.02,0.44,0.88,0.15,1.53,7.072,0.12,0.97,0.510219804,1.3,0.08,0.14,0,0,0,0,0,0,0,0,5151709.200385854,0.0,0.0,14.145527575155704,0.01547008990589245,7.735044952946226e-05,9690.356719338022,327093.26917350845,2711.2932919205527,5417022.224205726,416255.38627051626,7.0814,33269.0,952902.0,177335.0,212.32,73225.0,13662.0,20861.0,773.4271525793648,0.0773427152579365,10.0,0.5,1450.0,0.01547008990589245,1.0669027521305138e-05,0.1,1.0,1040.0,7.735044952946226e-05,7.437543223986756e-08,100.0,0.7,5.5,12.0,4.254274724120425,556.9232366121284,1.0,3.0,1.0,2.0,1.0,1.0,900.0,80.0,0.006605876283875577,3.3029381419377885e-05,3.445962526537544,10.692926142952865,14.145527575155704,5151709.200385854,1.0515,0.0149,1515208.5883487805,76760.46708574922,76760.46708574922,339494.919184767,768640.4558168504,7727.5638005787805,257585.4600192927,5151.709200385853,4636.5382803472685,41213.67360308683,15455.127601157561,10303.418400771707,0.03148882315423683,0.004037964495934719,0.010398162373481498,0.0031446390246673583,0.013908057260153255,0.004037964495934719,0.010398162373481498,0.0031446390246673583,0.013908057260153255,0.0003969839561885005,0.013399999999999997,0.00011107330396475766,0.00507988413671,0.00507988413671,0.7735044952946227,41227.505639656556,635058.6585112244,99293.7677787629,222152.35572350735,3.4,1515208.5883487805,1000.0,0.001,17.653061224489797,default,CoagulationFlocculationZO,coag_and_floc
0.0015,0.05,0.001,0.9,0.008,0.003,0.002,1.0,5.9069053497942385e-08,0.475,30.0,0.05,0.06505143508027657,6.1e-06,1.1,3.63759,0.67,1.0,1.0,1.124346,3.49,0.79,0.79,1.02,0.44,0.88,0.15,1.53,7.072,0.12,0.97,0.510219804,1.3,0.08,0.14,0,0,0,0,0,0,0,0,5225590.702477705,0.0,0.0,14.538004640824763,0.015899317833917213,7.949658916958606e-05,9959.222108082658,336168.68935866933,2786.5199266096774,5494708.623655307,426775.7328602795,7.0814,33269.0,952902.0,177335.0,212.32,73225.0,13662.0,20861.0,794.8864030555552,0.07948864030555554,10.0,0.5,1450.0,0.015899317833917213,1.096504678201187e-05,0.1,1.0,1040.0,7.949658916958606e-05,7.643902804767889e-08,100.0,0.7,5.5,12.0,4.372312404327234,572.3754420210198,1.0,3.0,1.0,2.0,1.0,1.0,900.0,80.0,0.006789160712561142,3.3945803562805707e-05,3.5415730475050595,10.98960848680358,14.538004640824763,5225590.702477705,1.0515,0.0149,1536938.4419052072,77861.3014669178,77861.3014669178,348914.43139336165,784214.4141770285,7838.386053716557,261279.53512388526,5225.590702477705,4703.031632229935,41804.72561982164,15676.772107433115,10451.18140495541,0.03125952381234514,0.003985298838074419,0.010262543037925438,0.003103624676192027,0.013908057260153258,0.003985298838074419,0.010262543037925438,0.003103624676192027,0.013908057260153258,0.00039698395618850045,0.013399999999999999,0.00011107330396475766,0.005079884136710001,0.005079884136710001,0.7949658916958607,41448.31966896495,642838.2282271428,100017.06306973437,227737.31819444854,3.4,1536938.4419052072,1000.0,0.001,18.142857142857142,default,CoagulationFlocculationZO,coag_and_floc
0.0015,0.05,0.001,0.9,0.008,0.003,0.002,1.0,5.9069053497942385e-08,0.475,30.0,0.05,0.06505143508027657,6.1e-06,1.1,3.63759,0.67,1.0,1.0,1.124346,3.49,0.79,0.79,1.02,0.44,0.88,0.15,1.53,7.072,0.12,0.97,0.510219804,1.3,0.08,0.14,0,0,0,0,0,0,0,0,5299472.204569555,0.0,0.0,14.930481706493822,0.016328545761941975,8.164272880970988e-05,10228.087496827298,345244.1095438303,2861.746561298803,5572395.023104887,437296.07945004274,7.0814,33269.0,952902.0,177335.0,212.32,73225.0,13662.0,20861.0,816.3456535317457,0.08163456535317457,10.0,0.5,1450.0,0.016328545761941975,1.1261066042718602e-05,0.1,1.0,1040.0,8.164272880970988e-05,7.850262385549031e-08,100.0,0.7,5.5,12.0,4.490350084534044,587.8276474299112,1.0,3.0,1.0,2.0,1.0,1.0,900.0,80.0,0.006972445141246708,3.4862225706233535e-05,3.637183568472576,11.286290830654293,14.930481706493822,5299472.204569555,1.0515,0.0149,1558668.295461634,78962.13584808637,78962.13584808637,358333.94360195636,799788.3725372066,7949.2083068543325,264973.61022847774,5299.472204569555,4769.5249841126,42395.77763655644,15898.416613708665,10598.94440913911,0.031042279638482797,0.003935402020934045,0.010134053744107259,0.003064766613288235,0.013908057260153256,0.003935402020934045,0.010134053744107259,0.003064766613288235,0.013908057260153256,0.00039698395618850045,0.013399999999999997,0.00011107330396475766,0.005079884136709999,0.005079884136709999,0.8164272880970989,41669.133698273334,650617.7979430612,100740.35836070582,233322.28066538982,3.4,1558668.295461634,1000.0,0.001,18.632653061224488,default,CoagulationFlocculationZO,coag_and_floc
0.0015,0.05,0.001,0.9,0.008,0.003,0.002,1.0,5.9069053497942385e-08,0.475,30.0,0.05,0.06505143508027657,6.1e-06,1.1,3.63759,0.67,1.0,1.0,1.124346,3.49,0.79,0.79,1.02,0.44,0.88,0.15,1.53,7.072,0.12,0.97,0.510219804,1.3,0.08,0.14,0,0,0,0,0,0,0,0,5373353.706661407,0.0,0.0,15.322958772162886,0.01675777368996674,8.378886844983371e-05,10496.95288557194,354319.5297289913,2936.973195987929,5650081.422554471,447816.42603980616,7.0814,33269.0,952902.0,177335.0,212.32,73225.0,13662.0,20861.0,837.8049040079363,0.08378049040079363,10.0,0.5,1450.0,0.01675777368996674,1.1557085303425337e-05,0.1,1.0,1040.0,8.378886844983371e-05,8.056621966330164e-08,100.0,0.7,5.5,12.0,4.608387764740854,603.2798528388028,1.0,3.0,1.0,2.0,1.0,1.0,900.0,80.0,0.0071557295699322745,3.577864784966138e-05,3.732794089440092,11.582973174505012,15.322958772162886,5373353.706661407,1.0515,0.0149,1580398.1490180609,80062.97022925496,80062.97022925496,367753.4558105512,815362.330897385,8060.03055999211,268667.68533307035,5373.353706661407,4836.018335995267,42986.82965329126,16120.06111998422,10746.707413322814,0.030836164301701986,0.0038880612840740745,0.01001214661261915,0.003027899144855502,0.013908057260153256,0.0038880612840740745,0.01001214661261915,0.003027899144855502,0.013908057260153256,0.00039698395618850045,0.013399999999999999,0.00011107330396475767,0.00507988413671,0.00507988413671,0.8378886844983372,41889.947727581726,658397.3676589796,101463.65365167728,238907.24313633115,3.4,1580398.1490180609,1000.0,0.001,19.122448979591837,default,CoagulationFlocculationZO,coag_and_floc
0.0015,0.05,0.001,0.9,0.008,0.003,0.002,1.0,5.9069053497942385e-08,0.475,30.0,0.05,0.06505143508027657,6.1e-06,1.1,3.63759,0.67,1.0,1.0,1.124346,3.49,0.79,0.79,1.02,0.44,0.88,0.15,1.53,7.072,0.12,0.97,0.510219804,1.3,0.08,0.14,0,0,0,0,0,0,0,0,5447235.208753257,0.0,0.0,15.715435837831942,0.017187001617991495,8.593500808995749e-05,10765.818274316576,363394.9499141521,3012.1998306770533,5727767.82200405,458336.7726295693,7.0814,33269.0,952902.0,177335.0,212.32,73225.0,13662.0,20861.0,859.2641544841266,0.08592641544841267,10.0,0.5,1450.0,0.017187001617991495,1.1853104564132065e-05,0.1,1.0,1040.0,8.593500808995749e-05,8.262981547111296e-08,100.0,0.7,5.5,12.0,4.726425444947663,618.732058247694,1.0,3.0,1.0,2.0,1.0,1.0,900.0,80.0,0.007339013998617837,3.669506999308919e-05,3.828404610407607,11.879655518355724,15.715435837831942,5447235.208753257,1.0515,0.0149,1602128.0025744874,81163.80461042353,81163.80461042353,377172.9680191457,830936.2892575628,8170.852813129885,272361.7604376629,5447.235208753257,4902.511687877932,43577.88167002606,16341.70562625977,10894.470417506514,0.03064034400775726,0.0038430851209594525,0.009896328494982686,0.0029928731316618655,0.013908057260153256,0.0038430851209594525,0.009896328494982686,0.0029928731316618655,0.013908057260153256,0.0003969839561885005,0.013399999999999999,0.00011107330396475769,0.00507988413671,0.00507988413671,0.859350080899575,42110.76175689011,666176.937374898,102186.94894264873,244492.20560727228,3.4,1602128.0025744874,1000.0,0.001,19.612244897959183,default,CoagulationFlocculationZO,coag_and_floc
0.0015,0.05,0.001,0.9,0.008,0.003,0.002,1.0,5.9069053497942385e-08,0.475,30.0,0.05,0.06505143508027657,6.1e-06,1.1,3.63759,0.67,1.0,1.0,1.124346,3.49,0.79,0.79,1.02,0.44,0.88,0.15,1.53,7.072,0.12,0.97,0.510219804,1.3,0.08,0.14,0,0,0,0,0,0,0,0,5521116.710845107,0.0,0.0,16.107912903501003,0.01761622954601626,8.80811477300813e-05,11034.683663061214,372470.3700993131,3087.4264653661785,5805454.221453631,468857.1192193326,7.0814,33269.0,952902.0,177335.0,212.32,73225.0,13662.0,20861.0,880.723404960317,0.08807234049603171,10.0,0.5,1450.0,0.01761622954601626,1.21491238248388e-05,0.1,1.0,1040.0,8.80811477300813e-05,8.469341127892439e-08,100.0,0.7,5.5,12.0,4.844463125154472,634.1842636565855,1.0,3.0,1.0,2.0,1.0,1.0,900.0,80.0,0.007522298427303404,3.761149213651702e-05,3.9240151313751226,12.17633786220644,16.107912903501003,5521116.710845107,1.0515,0.0149,1623857.8561309138,82264.6389915921,82264.6389915921,386592.4802277405,846510.247617741,8281.67506626766,276055.8355422554,5521.116710845107,4969.005039760597,44168.93368676086,16563.35013253532,11042.233421690215,0.030454066225598674,0.0038003006896514297,0.009786154305921396,0.002959553969872588,0.013908057260153258,0.0038003006896514297,0.009786154305921396,0.002959553969872588,0.013908057260153258,0.00039698395618850045,0.013399999999999999,0.00011107330396475767,0.00507988413671,0.00507988413671,0.8808114773008131,42331.575786198504,673956.5070908163,102910.2442336202,250077.16807821352,3.4,1623857.8561309138,1000.0,0.001,20.10204081632653,default,CoagulationFlocculationZO,coag_and_floc
0.0015,0.05,0.001,0.9,0.008,0.003,0.002,1.0,5.9069053497942385e-08,0.475,30.0,0.05,0.06505143508027657,6.1e-06,1.1,3.63759,0.67,1.0,1.0,1.124346,3.49,0.79,0.79,1.02,0.44,0.88,0.15,1.53,7.072,0.12,0.97,0.510219804,1.3,0.08,0.14,0,0,0,0,0,0,0,0,5594998.212936958,0.0,0.0,16.50038996917007,0.018045457474041023,9.022728737020512e-05,11303.549051805858,381545.79028447403,3162.653100055304,5883140.620903213,479377.4658090959,7.0814,33269.0,952902.0,177335.0,212.32,73225.0,13662.0,20861.0,902.1826554365077,0.09021826554365078,10.0,0.5,1450.0,0.018045457474041023,1.2445143085545532e-05,0.1,1.0,1040.0,9.022728737020512e-05,8.675700708673571e-08,100.0,0.7,5.5,12.0,4.962500805361282,649.6364690654771,1.0,3.0,1.0,2.0,1.0,1.0,900.0,80.0,0.007705582855988969,3.852791427994485e-05,4.019625652342639,12.473020206057159,16.50038996917007,5594998.212936958,1.0515,0.0149,1645587.7096873408,83365.47337276068,83365.47337276068,396011.9924363352,862084.2059779193,8392.497319405438,279749.9106468479,5594.998212936958,5035.498391643263,44759.985703495666,16784.994638810876,11189.996425873916,0.030276650022769733,0.0037595515930339773,0.009681221307221799,0.0029278198623606993,0.013908057260153255,0.0037595515930339773,0.009681221307221799,0.0029278198623606993,0.013908057260153255,0.00039698395618850056,0.013399999999999997,0.00011107330396475767,0.005079884136710002,0.005079884136710002,0.9022728737020513,42552.3898155069,681736.0768067348,103633.53952459164,255662.13054915483,3.4,1645587.7096873408,1000.0,0.001,20.591836734693878,default,CoagulationFlocculationZO,coag_and_floc
0.0015,0.05,0.001,0.9,0.008,0.003,0.002,1.0,5.9069053497942385e-08,0.475,30.0,0.05,0.06505143508027657,6.1e-06,1.1,3.63759,0.67,1.0,1.0,1.124346,3.49,0.79,0.79,1.02,0.44,0.88,0.15,1.53,7.072,0.12,0.97,0.510219804,1.3,0.08,0.14,0,0,0,0,0,0,0,0,5668879.71502881,0.0,0.0,16.892867034839124,0.018474685402065785,9.237342701032893e-05,11572.414440550494,390621.21046963497,3237.8797347444292,5960827.020352794,489897.8123988592,7.0814,33269.0,952902.0,177335.0,212.32,73225.0,13662.0,20861.0,923.6419059126981,0.09236419059126982,10.0,0.5,1450.0,0.018474685402065785,1.2741162346252265e-05,0.1,1.0,1040.0,9.237342701032893e-05,8.882060289454703e-08,100.0,0.7,5.5,12.0,5.080538485568092,665.0886744743684,1.0,3.0,1.0,2.0,1.0,1.0,900.0,80.0,0.007888867284674535,3.944433642337267e-05,4.115236173310155,12.769702549907873,16.892867034839124,5668879.71502881,1.0515,0.0149,1667317.5632437677,84466.30775392927,84466.30775392927,405431.5046449299,877658.1643380974,8503.319572543216,283443.9857514405,5668.87971502881,5101.991743525929,45351.03772023048,17006.639145086432,11337.75943005762,0.03010747774804901,0.003720695968476194,0.00958116418842305,0.0028975603309965075,0.013908057260153255,0.003720695968476194,0.00958116418842305,0.0028975603309965075,0.013908057260153255,0.00039698395618850045,0.013399999999999997,0.00011107330396475766,0.00507988413671,0.00507988413671,0.9237342701032895,42773.20384481529,689515.646522653,104356.83481556311,261247.09302009607,3.4,1667317.5632437677,1000.0,0.001,21.081632653061224,default,CoagulationFlocculationZO,coag_and_floc
0.0015,0.05,0.001,0.9,0.008,0.003,0.002,1.0,5.9069053497942385e-08,0.475,30.0,0.05,0.06505143508027657,6.1e-06,1.1,3.63759,0.67,1.0,1.0,1.124346,3.49,0.79,0.79,1.02,0.44,0.88,0.15,1.53,7.072,0.12,0.97,0.510219804,1.3,0.08,0.14,0,0,0,0,0,0,0,0,5742761.2171206605,0.0,0.0,17.285344100508183,0.018903913330090543,9.451956665045272e-05,11841.279829295132,399696.63065479585,3313.106369433554,6038513.419802374,500418.1589886224,7.0814,33269.0,952902.0,177335.0,212.32,73225.0,13662.0,20861.0,945.1011563888885,0.09451011563888885,10.0,0.5,1450.0,0.018903913330090543,1.3037181606958994e-05,0.1,1.0,1040.0,9.451956665045272e-05,9.088419870235846e-08,100.0,0.7,5.5,12.0,5.198576165774901,680.5408798832598,1.0,3.0,1.0,2.0,1.0,1.0,900.0,80.0,0.008072151713360098,4.036075856680049e-05,4.21084669427767,13.066384893758586,17.285344100508183,5742761.2171206605,1.0515,0.0149,1689047.4168001942,85567.14213509783,85567.14213509783,414851.01685352455,893232.1226982754,8614.14182568099,287138.06085603306,5742.76121712066,5168.485095408595,45942.08973696528,17228.28365136198,11485.52243424132,0.029945987847203967,0.0036836048377488495,0.009485650817687066,0.002868674931614796,0.013908057260153256,0.0036836048377488495,0.009485650817687066,0.002868674931614796,0.013908057260153256,0.0003969839561885005,0.013399999999999999,0.00011107330396475767,0.00507988413671,0.00507988413671,0.9451956665045274,42994.017874123674,697295.2162385714,105080.13010653455,266832.05549103726,3.4,1689047.4168001942,1000.0,0.001,21.57142857142857,default,CoagulationFlocculationZO,coag_and_floc
0.0015,0.05,0.001,0.9,0.008,0.003,0.002,1.0,5.9069053497942385e-08,0.475,30.0,0.05,0.06505143508027657,6.1e-06,1.1,3.63759,0.67,1.0,1.0,1.124346,3.49,0.79,0.79,1.02,0.44,0.88,0.15,1.53,7.072,0.12,0.97,0.510219804,1.3,0.08,0.14,0,0,0,0,0,0,0,0,5816642.719212512,0.0,0.0,17.677821166177242,0.01933314125811531,9.666570629057654e-05,12110.14521803977,408772.05083995685,3388.33300412268,6116199.819251956,510938.5055783857,7.0814,33269.0,952902.0,177335.0,212.32,73225.0,13662.0,20861.0,966.560406865079,0.09665604068650792,10.0,0.5,1450.0,0.01933314125811531,1.333320086766573e-05,0.1,1.0,1040.0,9.666570629057654e-05,9.294779451016968e-08,100.0,0.7,5.5,12.0,5.316613845981711,695.9930852921512,1.0,3.0,1.0,2.0,1.0,1.0,900.0,80.0,0.008255436142045665,4.127718071022833e-05,4.306457215245186,13.363067237609302,17.677821166177242,5816642.719212512,1.0515,0.0149,1710777.2703566211,86667.97651626643,86667.97651626643,424270.5290621193,908806.0810584537,8724.964078818768,290832.1359606256,5816.642719212512,5234.978447291261,46533.141753700096,17449.928157637536,11633.285438425024,0.029791668635758148,0.0036481606767485284,0.009394378558695135,0.0028410721401612264,0.013908057260153253,0.0036481606767485284,0.009394378558695135,0.0028410721401612264,0.013908057260153253,0.0003969839561885004,0.013399999999999999,0.00011107330396475767,0.005079884136709999,0.005079884136709999,0.9666570629057656,43214.83190343207,705074.7859544898,105803.42539750603,272417.01796197856,3.4,1710777.2703566211,1000.0,0.001,22.06122448979592,default,CoagulationFlocculationZO,coag_and_floc
0.0015,0.05,0.001,0.9,0.008,0.003,0.002,1.0,5.9069053497942385e-08,0.475,30.0,0.05,0.06505143508027657,6.1e-06,1.1,3.63759,0.67,1.0,1.0,1.124346,3.49,0.79,0.79,1.02,0.44,0.88,0.15,1.53,7.072,0.12,0.97,0.510219804,1.3,0.08,0.14,0,0,0,0,0,0,0,0,5890524.221304361,0.0,0.0,18.0702982318463,0.019762369186140067,9.881184593070034e-05,12379.010606784408,417847.47102511773,3463.5596388118042,6193886.218701537,521458.8521681489,7.0814,33269.0,952902.0,177335.0,212.32,73225.0,13662.0,20861.0,988.0196573412695,0.09880196573412695,10.0,0.5,1450.0,0.019762369186140067,1.3629220128372459e-05,0.1,1.0,1040.0,9.881184593070034e-05,9.50113903179811e-08,100.0,0.7,5.5,12.0,5.43465152618852,711.4452907010426,1.0,3.0,1.0,2.0,1.0,1.0,900.0,80.0,0.008438720570731228,4.219360285365615e-05,4.402067736212701,13.659749581460018,18.0702982318463,5890524.221304361,1.0515,0.0149,1732507.1239130474,87768.81089743497,87768.81089743497,433690.04127071396,924380.0394186317,8835.786331956542,294526.211065218,5890.524221304361,5301.471799173925,47124.19377043489,17671.572663913084,11781.048442608722,0.029644052883271065,0.0036142561716106638,0.009307071067514622,0.0028146683839925177,0.013908057260153255,0.0036142561716106638,0.009307071067514622,0.0028146683839925177,0.013908057260153255,0.00039698395618850045,0.013399999999999999,0.00011107330396475766,0.005079884136709999,0.005079884136709999,0.9881184593070036,43435.64593274046,712854.3556704081,106526.72068847748,278001.98043291975,3.4,1732507.1239130474,1000.0,0.001,22.551020408163264,default,CoagulationFlocculationZO,coag_and_floc
0.0015,0.05,0.001,0.9,0.008,0.003,0.002,1.0,5.9069053497942385e-08,0.475,30.0,0.05,0.06505143508027657,6.1e-06,1.1,3.63759,0.67,1.0,1.0,1.124346,3.49,0.79,0.79,1.02,0.44,0.88,0.15,1.53,7.072,0.12,0.97,0.510219804,1.3,0.08,0.14,0,0,0,0,0,0,0,0,5964405.723396211,0.0,0.0,18.46277529751536,0.02019159711416483,0.00010095798557082415,12647.875995529046,426922.8912102786,3538.7862735009294,6271572.618151117,531979.1987579121,7.0814,33269.0,952902.0,177335.0,212.32,73225.0,13662.0,20861.0,1009.4789078174599,0.10094789078174601,10.0,0.5,1450.0,0.02019159711416483,1.392523938907919e-05,0.1,1.0,1040.0,0.00010095798557082415,9.707498612579243e-08,100.0,0.7,5.5,12.0,5.552689206395328,726.897496109934,1.0,3.0,1.0,2.0,1.0,1.0,900.0,80.0,0.008622004999416793,4.311002499708397e-05,4.497678257180216,13.956431925310731,18.46277529751536,5964405.723396211,1.0515,0.0149,1754236.9774694738,88869.64527860354,88869.64527860354,443109.5534793086,939953.9977788096,8946.608585094316,298220.28616981057,5964.405723396211,5367.96515105659,47715.24578716969,17893.217170188633,11928.811446792422,0.029502713088374214,0.0035817931334760043,0.009223475498014059,0.0027893871967308937,0.013908057260153256,0.0035817931334760043,0.009223475498014059,0.0027893871967308937,0.013908057260153256,0.00039698395618850045,0.013399999999999999,0.00011107330396475767,0.00507988413671,0.00507988413671,1.0095798557082416,43656.459962048844,720633.9253863264,107250.01597944893,283586.942903861,3.4,1754236.9774694738,1000.0,0.001,23.04081632653061,default,CoagulationFlocculationZO,coag_and_floc
0.0015,0.05,0.001,0.9,0.008,0.003,0.002,1.0,5.9069053497942385e-08,0.475,30.0,0.05,0.06505143508027657,6.1e-06,1.1,3.63759,0.67,1.0,1.0,1.124346,3.49,0.79,0.79,1.02,0.44,0.88,0.15,1.53,7.072,0.12,0.97,0.510219804,1.3,0.08,0.14,0,0,0,0,0,0,0,0,6038287.225488064,0.0,0.0,18.85525236318443,0.020620825042189598,0.000103104125210948,12916.741384273691,435998.31139543967,3614.012908190056,6349259.017600699,542499.5453476757,7.0814,33269.0,952902.0,177335.0,212.32,73225.0,13662.0,20861.0,1030.9381582936505,0.10309381582936507,10.0,0.5,1450.0,0.020620825042189598,1.4221258649785929e-05,0.1,1.0,1040.0,0.000103104125210948,9.913858193360386e-08,100.0,0.7,5.5,12.0,5.67072688660214,742.3497015188257,1.0,3.0,1.0,2.0,1.0,1.0,900.0,80.0,0.008805289428102362,4.402644714051181e-05,4.593288778147734,14.253114269161452,18.85525236318443,6038287.225488064,1.0515,0.0149,1775966.8310259013,89970.47965977216,89970.47965977216,452529.06568790344,955527.9561389881,9057.430838232096,301914.3612744032,6038.287225488064,5434.458502939258,48306.29780390451,18114.861676464192,12076.574450976128,0.029367257343915397,0.0035506815487936117,0.009143360056298427,0.0027651584786701003,0.013908057260153256,0.0035506815487936117,0.009143360056298427,0.0027651584786701003,0.013908057260153256,0.0003969839561885005,0.013399999999999997,0.00011107330396475767,0.005079884136710001,0.005079884136710001,1.03104125210948,43877.27399135724,728413.495102245,107973.3112704204,289171.90537480236,3.4,1775966.8310259013,1000.0,0.001,23.53061224489796,default,CoagulationFlocculationZO,coag_and_floc
0.0015,0.05,0.001,0.9,0.008,0.003,0.002,1.0,5.9069053497942385e-08,0.475,30.0,0.05,0.06505143508027657,6.1e-06,1.1,3.63759,0.67,1.0,1.0,1.124346,3.49,0.79,0.79,1.02,0.44,0.88,0.15,1.53,7.072,0.12,0.97,0.510219804,1.3,0.08,0.14,0,0,0,0,0,0,0,0,6112168.727579913,0.0,0.0,19.247729428853486,0.021050052970214353,0.00010525026485107178,13185.606773018326,445073.7315806005,3689.23954287918,6426945.417050279,553019.8919374387,7.0814,33269.0,952902.0,177335.0,212.32,73225.0,13662.0,20861.0,1052.3974087698407,0.10523974087698411,10.0,0.5,1450.0,0.021050052970214353,1.4517277910492657e-05,0.1,1.0,1040.0,0.00010525026485107178,1.0120217774141518e-07,100.0,0.7,5.5,12.0,5.788764566808948,757.8019069277169,1.0,3.0,1.0,2.0,1.0,1.0,900.0,80.0,0.008988573856787925,4.494286928393963e-05,4.688899299115248,14.549796613012164,19.247729428853486,6112168.727579913,1.0515,0.0149,1797696.6845823275,91071.3140409407,91071.3140409407,461948.57789649797,971101.914499166,9168.25309136987,305608.43637899566,6112.168727579913,5500.951854821922,48897.349820639305,18336.50618273974,12224.337455159826,0.029237325707981664,0.003520838745814494,0.009066511854346903,0.0027419178476670116,0.013908057260153256,0.003520838745814494,0.009066511854346903,0.0027419178476670116,0.013908057260153256,0.0003969839561885005,0.013399999999999999,0.00011107330396475767,0.005079884136710001,0.005079884136710001,1.0525026485107178,44098.08802066562,736193.0648181632,108696.60656139185,294756.8678457435,3.4,1797696.6845823275,1000.0,0.001,24.020408163265305,default,CoagulationFlocculationZO,coag_and_floc
0.0015,0.05,0.001,0.9,0.008,0.003,0.002,1.0,5.9069053497942385e-08,0.475,30.0,0.05,0.06505143508027657,6.1e-06,1.1,3.63759,0.67,1.0,1.0,1.124346,3.49,0.79,0.79,1.02,0.44,0.88,0.15,1.53,7.072,0.12,0.97,0.510219804,1.3,0.08,0.14,0,0,0,0,0,0,0,0,6186050.229671763,0.0,0.0,19.64020649452254,0.021479280898239115,0.00010739640449119557,13454.472161762962,454149.15176576143,3764.466177568305,6504631.81649986,563540.238527202,7.0814,33269.0,952902.0,177335.0,212.32,73225.0,13662.0,20861.0,1073.8566592460313,0.10738566592460314,10.0,0.5,1450.0,0.021479280898239115,1.4813297171199388e-05,0.1,1.0,1040.0,0.00010739640449119557,1.032657735492265e-07,100.0,0.7,5.5,12.0,5.906802247015757,773.2541123366082,1.0,3.0,1.0,2.0,1.0,1.0,900.0,80.0,0.00917185828547349,4.585929142736744e-05,4.784509820082763,14.846478956862875,19.64020649452254,6186050.229671763,1.0515,0.0149,1819426.538138754,92172.14842210927,92172.14842210927,471368.0901050927,986675.8728593441,9279.075344507644,309302.5114835882,6186.050229671763,5567.445206704588,49488.401837374106,18558.15068901529,12372.100459343526,0.02911258701003696,0.0034921886610227177,0.008992735020999601,0.0027196060678613813,0.013908057260153256,0.0034921886610227177,0.008992735020999601,0.0027196060678613813,0.013908057260153256,0.00039698395618850045,0.013399999999999999,0.00011107330396475766,0.00507988413671,0.00507988413671,1.0739640449119559,44318.902049974015,743972.6345340814,109419.9018523633,300341.83031668473,3.4,1819426.538138754,1000.0,0.001,24.51020408163265,default,CoagulationFlocculationZO,coag_and_floc
0.0015,0.05,0.001,0.9,0.008,0.003,0.002,1.0,5.9069053497942385e-08,0.475,30.0,0.05,0.06505143508027657,6.1e-06,1.1,3.63759,0.67,1.0,1.0,1.124346,3.49,0.79,0.79,1.02,0.44,0.88,0.15,1.53,7.072,0.12,0.97,0.510219804,1.3,0.08,0.14,0,0,0,0,0,0,0,0,6259931.731763614,0.0,0.0,20.032683560191604,0.02190850882626388,0.00010954254413131939,13723.337550507602,463224.5719509225,3839.6928122574304,6582318.215949441,574060.5851169655,7.0814,33269.0,952902.0,177335.0,212.32,73225.0,13662.0,20861.0,1095.315909722222,0.1095315909722222,10.0,0.5,1450.0,0.02190850882626388,1.5109316431906123e-05,0.1,1.0,1040.0,0.00010954254413131939,1.0532936935703793e-07,100.0,0.7,5.5,12.0,6.024839927222567,788.7063177454997,1.0,3.0,1.0,2.0,1.0,1.0,900.0,80.0,0.009355142714159057,4.677571357079528e-05,4.880120341050279,15.143161300713594,20.032683560191604,6259931.731763614,1.0515,0.0149,1841156.3916951807,93272.98280327786,93272.98280327786,480787.6023136875,1002249.8312195224,9389.897597645422,312996.58658818074,6259.931731763614,5633.938558587253,50079.45385410891,18779.795195290844,12519.863463527228,0.028992736032501517,0.003464661191798293,0.008921849034999785,0.002698168545550176,0.013908057260153256,0.003464661191798293,0.008921849034999785,0.002698168545550176,0.013908057260153256,0.00039698395618850045,0.0134,0.00011107330396475767,0.00507988413671,0.00507988413671,1.095425441313194,44539.71607928241,751752.20425,110143.19714333476,305926.792787626,3.4,1841156.3916951807,1000.0,0.001,25.0,default,CoagulationFlocculationZO,coag_and_floc
