fs.costing.land_cost_percent_FCI,fs.costing.working_capital_percent_FCI,fs.costing.salaries_percent_FCI,fs.costing.benefit_percent_of_salary,fs.costing.maintenance_costs_percent_FCI,fs.costing.laboratory_fees_percent_FCI,fs.costing.insurance_and_taxes_percent_FCI,fs.costing.utilization_factor,fs.costing.electricity_cost,fs.costing.electrical_carbon_intensity,fs.costing.plant_lifetime,fs.costing.wacc,fs.costing.capital_recovery_factor,fs.costing.TPEC,fs.costing.TIC,fs.costing.heat_cost,fs.costing.acetic_acid_cost,fs.costing.activated_carbon_cost,fs.costing.alum_cost,fs.costing.anhydrous_ammonia_cost,fs.costing.ammonia_cost,fs.costing.anthracite_cost,fs.costing.anti-scalant_cost,fs.costing.cationic_polymer_cost,fs.costing.caustic_soda_cost,fs.costing.chlorine_cost,fs.costing.ferric_chloride_cost,fs.costing.hydrochloric_acid_cost,fs.costing.hydrogen_peroxide_cost,fs.costing.ion_exchange_resin_cost,fs.costing.lime_cost,fs.costing.phosphoric_acid_cost,fs.costing.sand_cost,fs.costing.sodium_bisulfite_cost,fs.costing.sodium_chloride_cost,fs.costing.sulfuric_acid_cost,fs.costing.catalyst_ATHTL_cost,fs.costing.polymer_cost,fs.costing.magnesium_chloride_cost,fs.costing.catalyst_HTG_cost,fs.costing.hydrogen_product_cost,fs.costing.filtration_media_cost,fs.costing.filtration_media_disposal_cost,fs.costing.disinfection_solution_cost,fs.costing.struvite_product_cost,fs.costing.aggregate_capital_cost,fs.costing.aggregate_fixed_operating_cost,fs.costing.aggregate_variable_operating_cost,fs.costing.aggregate_flow_electricity,fs.costing.aggregate_flow_costs[electricity],fs.costing.total_capital_cost,fs.costing.total_operating_cost,fs.costing.tramp_oil_tank.capital_a_parameter[default],fs.costing.tramp_oil_tank.capital_b_parameter[default],fs.costing.tramp_oil_tank.reference_state[default],fs.unit.properties[0.0].flow_mass_comp[H2O],fs.unit.properties[0.0].flow_mass_comp[tds],fs.unit.electricity[0.0],fs.unit.energy_electric_flow_vol_inlet,fs.unit.costing.capital_cost,fs.costing.total_investment_factor,fs.costing.maintenance_labor_chemical_factor,fs.costing.aggregate_direct_capital_cost,fs.costing.maintenance_labor_chemical_operating_cost,fs.costing.total_fixed_operating_cost,fs.costing.total_variable_operating_cost,fs.costing.total_annualized_cost,fs.costing.land_cost,fs.costing.working_capital,fs.costing.salary_cost,fs.costing.benefits_cost,fs.costing.maintenance_cost,fs.costing.laboratory_cost,fs.costing.insurance_and_taxes_cost,fs.costing.LCOW,fs.costing.LCOW_component_direct_capex['fs.unit'],fs.costing.LCOW_component_indirect_capex['fs.unit'],fs.costing.LCOW_component_fixed_opex['fs.unit'],fs.costing.LCOW_component_variable_opex['fs.unit'],fs.costing.LCOW_aggregate_direct_capex[TrampOilTankZO],fs.costing.LCOW_aggregate_indirect_capex[TrampOilTankZO],fs.costing.LCOW_aggregate_fixed_opex[TrampOilTankZO],fs.costing.LCOW_aggregate_variable_opex[TrampOilTankZO],fs.costing.LCOW_aggregate_variable_opex[electricity],fs.costing.SEC,fs.costing.SEC_component['fs.unit'],fs.unit.costing.cost_factor,fs.unit.costing.direct_capital_cost,flow_mgd,subtype,unit_class,unit
0.0015,0.05,0.001,0.9,0.008,0.003,0.002,1.0,5.9069053497942385e-08,0.475,30.0,0.05,0.06505143508027657,3.4,1.65,6.1e-06,1.1,3.63759,0.67,1.0,1.0,1.124346,3.49,0.79,1.02,0.44,0.88,0.15,1.53,7.072,0.12,0.97,0.510219804,1.3,0.08,0.14,0,0,0,0,0,0,0,0,0,367382.2876209743,0.0,0.0,0.0,0.0,386302.4754334545,5473.996085552517,1000000.0,0.7,100000.0,4.381263638888887,0.0004381263638888888,3.7694835252461893e-23,0.0,367382.2876209743,1.0515,0.014900000000000002,367382.2876209743,5473.996085552518,5473.996085552518,0.0,30603.526487562016,551.0734314314615,18369.114381048716,367.3822876209743,330.6440588588769,2939.0583009677944,1102.146862862923,734.7645752419486,0.22132205401270186,0.17283365500832484,0.008900933232928732,0.03958746577144831,1.8674788104940434e-25,0.17283365500832484,0.008900933232928732,0.03958746577144831,1.8674788104940434e-25,0.0,0.0,2.3896623118356515e-24,1.0,367382.2876209743,0.1,default,TrampOilTankZO,tramp_oil_tank
0.0015,0.05,0.001,0.9,0.008,0.003,0.002,1.0,5.9069053497942385e-08,0.475,30.0,0.05,0.06505143508027657,3.4,1.65,6.1e-06,1.1,3.63759,0.67,1.0,1.0,1.124346,3.49,0.79,1.02,0.44,0.88,0.15,1.53,7.072,0.12,0.97,0.510219804,1.3,0.08,0.14,0,0,0,0,0,0,0,0,0,1748975.5934186832,0.0,0.0,0.0,0.0,1839047.8364797456,26059.736341938384,1000000.0,0.7,100000.0,40.70924131134258,0.004070924131134258,3.7694835252461893e-23,0.0,1748975.5934186832,1.0515,0.014900000000000002,1748975.5934186832,26059.736341938384,26059.736341938384,0.0,145692.43728622363,2623.463390128025,87448.77967093416,1748.9755934186833,1574.078034076815,13991.804747349466,5246.92678025605,3497.9511868373665,0.11339570506727754,0.08855237792027186,0.004560447462894005,0.02028287968411167,2.0098426660025575e-26,0.08855237792027186,0.004560447462894005,0.02028287968411167,2.0098426660025575e-26,0.0,0.0,2.5718338782087724e-25,1.0,1748975.5934186832,0.9291666666666666,default,TrampOilTankZO,tramp_oil_tank
0.0015,0.05,0.001,0.9,0.008,0.003,0.002,1.0,5.9069053497942385e-08,0.475,30.0,0.05,0.06505143508027657,3.4,1.65,6.1e-06,1.1,3.63759,0.67,1.0,1.0,1.124346,3.49,0.79,1.02,0.44,0.88,0.15,1.53,7.072,0.12,0.97,0.510219804,1.3,0.08,0.14,0,0,0,0,0,0,0,0,0,2733311.0719223404,0.0,0.0,0.0,0.0,2874076.5921263415,40726.33497164288,1000000.0,0.7,100000.0,77.03721898379627,0.007703721898379629,3.7694835252461893e-23,0.0,2733311.0719223404,1.0515,0.014900000000000002,2733311.0719223404,40726.33497164288,40726.33497164288,0.0,227689.1418200921,4099.966607883511,136665.55359611704,2733.3110719223405,2459.9799647301065,21866.488575378724,8199.933215767021,5466.622143844681,0.093647099210636,0.07313040044609624,0.003766215622973964,0.01675048314156579,1.0620732571530105e-26,0.07313040044609624,0.003766215622973964,0.01675048314156579,1.0620732571530105e-26,0.0,0.0,1.3590496560202756e-25,1.0,2733311.0719223404,1.7583333333333333,default,TrampOilTankZO,tramp_oil_tank
0.0015,0.05,0.001,0.9,0.008,0.003,0.002,1.0,5.9069053497942385e-08,0.475,30.0,0.05,0.06505143508027657,3.4,1.65,6.1e-06,1.1,3.63759,0.67,1.0,1.0,1.124346,3.49,0.79,1.02,0.44,0.88,0.15,1.53,7.072,0.12,0.97,0.510219804,1.3,0.08,0.14,0,0,0,0,0,0,0,0,0,3582073.270702593,0.0,0.0,0.0,0.0,3766550.044143777,53372.89173346864,1000000.0,0.7,100000.0,113.36519665624996,0.011336519665624998,5.218206108668607e-19,0.0,3582073.270702593,1.0515,0.014900000000000002,3582073.270702593,53372.89173346864,53372.89173346864,0.0,298392.3774067004,5373.10990605389,179103.66353512966,3582.073270702593,3223.865943632334,28656.586165620745,10746.21981210778,7164.146541405186,0.08339895032448393,0.06512746988879398,0.003354064699272893,0.014917415736417057,9.991132157075604e-23,0.06512746988879398,0.003354064699272893,0.014917415736417057,9.991132157075604e-23,0.0,0.0,1.2784847589256736e-21,1.0,3582073.270702593,2.5875,default,TrampOilTankZO,tramp_oil_tank
0.0015,0.05,0.001,0.9,0.008,0.003,0.002,1.0,5.9069053497942385e-08,0.475,30.0,0.05,0.06505143508027657,3.4,1.65,6.1e-06,1.1,3.63759,0.67,1.0,1.0,1.124346,3.49,0.79,1.02,0.44,0.88,0.15,1.53,7.072,0.12,0.97,0.510219804,1.3,0.08,0.14,0,0,0,0,0,0,0,0,0,4351510.557876432,0.0,0.0,0.0,0.0,4575613.351607069,64837.50731235885,1000000.0,0.7,100000.0,149.69317432870363,0.014969317432870366,5.218206108668607e-19,0.0,4351510.557876432,1.0515,0.014900000000000002,4351510.557876432,64837.50731235885,64837.50731235885,0.0,362487.7222068728,6527.2658368146485,217575.52789382162,4351.510557876432,3916.3595020887897,34812.08446301146,13054.531673629297,8703.021115752865,0.07672623875391396,0.05991665104517453,0.003085707528826493,0.013723880179912936,7.566454962858478e-23,0.05991665104517453,0.003085707528826493,0.013723880179912936,7.566454962858478e-23,0.0,0.0,9.682183357229798e-22,1.0,4351510.557876432,3.4166666666666665,default,TrampOilTankZO,tramp_oil_tank
0.0015,0.05,0.001,0.9,0.008,0.003,0.002,1.0,5.9069053497942385e-08,0.475,30.0,0.05,0.06505143508027657,3.4,1.65,6.1e-06,1.1,3.63759,0.67,1.0,1.0,1.124346,3.49,0.79,1.02,0.44,0.88,0.15,1.53,7.072,0.12,0.97,0.510219804,1.3,0.08,0.14,0,0,0,0,0,0,0,0,0,5066315.991480121,0.0,0.0,5.723484134352714e-42,3.9208614364611076e-39,5327231.2650413485,75488.1082730538,1000000.0,0.7,100000.0,186.02115200115733,0.018602115200115732,5.218206108668607e-19,0.0,5066315.991480121,1.0515,0.014900000000000002,5066315.991480121,75488.10827305382,75488.10827305382,3.9208614364611076e-39,422032.14706851065,7599.473987220183,253315.7995740061,5066.315991480122,4559.684392332109,40530.527931840974,15198.947974440365,10132.631982960243,0.07188459154964179,0.056135737361230634,0.002890990474103383,0.012857863714307784,6.088805760102013e-23,0.056135737361230634,0.002890990474103383,0.012857863714307784,6.088805760102013e-23,6.678389900876305e-46,8.545790180912078e-45,7.791354615238894e-22,1.0,5066315.991480121,4.245833333333333,default,TrampOilTankZO,tramp_oil_tank
0.0015,0.05,0.001,0.9,0.008,0.003,0.002,1.0,5.9069053497942385e-08,0.475,30.0,0.05,0.06505143508027657,3.4,1.65,6.1e-06,1.1,3.63759,0.67,1.0,1.0,1.124346,3.49,0.79,1.02,0.44,0.88,0.15,1.53,7.072,0.12,0.97,0.510219804,1.3,0.08,0.14,0,0,0,0,0,0,0,0,0,5740152.713482892,0.0,0.0,6.3108755987209535e-30,4.3232488458316696e-27,6035770.578227262,85528.2754308951,1000000.0,0.7,100000.0,222.349129673611,0.022234912967361103,5.218206108668607e-19,0.0,5740152.713482892,1.0515,0.014900000000000002,5740152.713482892,85528.2754308951,85528.2754308951,4.3232488458316696e-27,478163.8133598892,8610.229070224339,287007.6356741446,5740.152713482892,5166.137442134604,45921.22170786314,17220.458140448678,11480.305426965784,0.06813870542823322,0.05321051966209051,0.002740341762597668,0.012187844003545046,5.0940008781149025e-23,0.05321051966209051,0.002740341762597668,0.012187844003545046,5.0940008781149025e-23,6.160662337226214e-34,7.883303692918544e-33,6.518382884177697e-22,1.0,5740152.713482892,5.074999999999999,default,TrampOilTankZO,tramp_oil_tank
0.0015,0.05,0.001,0.9,0.008,0.003,0.002,1.0,5.9069053497942385e-08,0.475,30.0,0.05,0.06505143508027657,3.4,1.65,6.1e-06,1.1,3.63759,0.67,1.0,1.0,1.124346,3.49,0.79,1.02,0.44,0.88,0.15,1.53,7.072,0.12,0.97,0.510219804,1.3,0.08,0.14,0,0,0,0,0,0,0,0,0,6381595.019123329,0.0,0.0,6.310875598720956e-30,4.323248845831671e-27,6710247.162608181,95085.76578493761,1000000.0,0.7,100000.0,258.6771073460647,0.025867710734606475,5.218206108668607e-19,0.0,6381595.019123329,1.0515,0.014900000000000002,6381595.019123329,95085.76578493761,95085.76578493761,4.323248845831671e-27,531596.9734559538,9572.392528684994,319079.7509561665,6381.595019123329,5743.435517210996,51052.76015298663,19144.785057369987,12763.190038246657,0.06511440996318588,0.05084880274517071,0.002618713341376301,0.011646893876638862,4.3786119051121746e-23,0.05084880274517071,0.002618713341376301,0.011646893876638862,4.3786119051121746e-23,5.295474048512019e-34,6.776191882833304e-33,5.602957200372925e-22,1.0,6381595.019123329,5.904166666666666,default,TrampOilTankZO,tramp_oil_tank
0.0015,0.05,0.001,0.9,0.008,0.003,0.002,1.0,5.9069053497942385e-08,0.475,30.0,0.05,0.06505143508027657,3.4,1.65,6.1e-06,1.1,3.63759,0.67,1.0,1.0,1.124346,3.49,0.79,1.02,0.44,0.88,0.15,1.53,7.072,0.12,0.97,0.510219804,1.3,0.08,0.14,0,0,0,0,0,0,0,0,0,6996475.125165034,0.0,0.0,0.0,0.0,7356793.594111033,104247.47936495901,1000000.0,0.7,100000.0,295.00508501851834,0.029500508501851843,5.218206108668607e-19,0.0,6996475.125165034,1.0515,0.014900000000000002,6996475.125165034,104247.47936495901,104247.47936495901,0.0,582817.4602512674,10494.712687747551,349823.7562582517,6996.475125165034,6296.827612648532,55971.80100132027,20989.425375495102,13992.950250330068,0.06259730813254129,0.04888316081509229,0.002517482781977254,0.011196664535471744,3.839414028183139e-23,0.04888316081509229,0.002517482781977254,0.011196664535471744,3.839414028183139e-23,0.0,0.0,4.912989079782448e-22,1.0,6996475.125165034,6.7333333333333325,default,TrampOilTankZO,tramp_oil_tank
0.0015,0.05,0.001,0.9,0.008,0.003,0.002,1.0,5.9069053497942385e-08,0.475,30.0,0.05,0.06505143508027657,3.4,1.65,6.1e-06,1.1,3.63759,0.67,1.0,1.0,1.124346,3.49,0.79,1.02,0.44,0.88,0.15,1.53,7.072,0.12,0.97,0.510219804,1.3,0.08,0.14,0,0,0,0,0,0,0,0,0,7588990.085680395,0.0,0.0,0.0,0.0,7979823.075092936,113075.9522766379,1000000.0,0.7,100000.0,331.3330626909721,0.03313330626909721,5.218206108668607e-19,0.0,7588990.085680395,1.0515,0.014900000000000002,7588990.085680395,113075.95227663791,113075.95227663791,0.0,632174.894998139,11383.485128520593,379449.5042840198,7588.990085680395,6830.091077112356,60711.92068544316,22766.970257041186,15177.98017136079,0.06045400474915172,0.04720942360351883,0.002431285315581228,0.010813295830051658,3.418453481842397e-23,0.04720942360351883,0.002431285315581228,0.010813295830051658,3.418453481842397e-23,0.0,0.0,4.374319753679578e-22,1.0,7588990.085680395,7.562499999999999,default,TrampOilTankZO,tramp_oil_tank
0.0015,0.05,0.001,0.9,0.008,0.003,0.002,1.0,5.9069053497942385e-08,0.475,30.0,0.05,0.06505143508027657,3.4,1.65,6.1e-06,1.1,3.63759,0.67,1.0,1.0,1.124346,3.49,0.79,1.02,0.44,0.88,0.15,1.53,7.072,0.12,0.97,0.510219804,1.3,0.08,0.14,0,0,0,0,0,0,0,0,0,8162289.067543096,0.0,0.0,0.0,0.0,8582646.954521565,121618.10710639214,1000000.0,0.7,100000.0,367.6610403634258,0.036766104036342576,5.218206108668607e-19,0.0,8162289.067543096,1.0515,0.014900000000000002,8162289.067543096,121618.10710639214,121618.10710639214,0.0,679931.6082853851,12243.433601314644,408114.45337715483,8162.289067543096,7346.060160788787,65298.31254034477,24486.867202629288,16324.578135086193,0.05859630417128369,0.045758717833520965,0.0023565739684263446,0.0104810123693364,3.0806817624349305e-23,0.045758717833520965,0.0023565739684263446,0.0104810123693364,3.0806817624349305e-23,0.0,0.0,3.942100473152152e-22,1.0,8162289.067543096,8.391666666666666,default,TrampOilTankZO,tramp_oil_tank
0.0015,0.05,0.001,0.9,0.008,0.003,0.002,1.0,5.9069053497942385e-08,0.475,30.0,0.05,0.06505143508027657,3.4,1.65,6.1e-06,1.1,3.63759,0.67,1.0,1.0,1.124346,3.49,0.79,1.02,0.44,0.88,0.15,1.53,7.072,0.12,0.97,0.510219804,1.3,0.08,0.14,0,0,0,0,0,0,0,0,0,8718812.429430587,0.0,0.0,0.0,0.0,9167831.269546263,129910.30519851575,1000000.0,0.7,100000.0,403.9890180358795,0.040398901803587954,5.218206108668607e-19,0.0,8718812.429430587,1.0515,0.014900000000000002,8718812.429430587,129910.30519851577,129910.30519851577,0.0,726290.885856334,13078.218644145882,435940.62147152936,8718.812429430587,7846.931186487529,69750.4994354447,26156.437288291763,17437.624858861174,0.05696310319180088,0.04448332710977958,0.002290891346153647,0.010188884735867657,2.803657058085834e-23,0.04448332710977958,0.002290891346153647,0.010188884735867657,2.803657058085834e-23,0.0,0.0,3.5876142579884473e-22,1.0,8718812.429430587,9.220833333333333,default,TrampOilTankZO,tramp_oil_tank
0.0015,0.05,0.001,0.9,0.008,0.003,0.002,1.0,5.9069053497942385e-08,0.475,30.0,0.05,0.06505143508027657,3.4,1.65,6.1e-06,1.1,3.63759,0.67,1.0,1.0,1.124346,3.49,0.79,1.02,0.44,0.88,0.15,1.53,7.072,0.12,0.97,0.510219804,1.3,0.08,0.14,0,0,0,0,0,0,0,0,0,9260500.453183891,0.0,0.0,0.0,0.0,9737416.226522863,137981.45675244,1000000.0,0.7,100000.0,440.3169957083331,0.04403169957083332,5.218206108668607e-19,0.0,9260500.453183891,1.0515,0.014900000000000002,9260500.453183891,137981.45675244,137981.45675244,0.0,771414.3562617236,13890.750679775838,463025.0226591946,9260.500453183891,8334.450407865503,74084.00362547113,27781.501359551676,18521.000906367783,0.055510466051259276,0.043348941349984314,0.002232470479524191,0.009929054221750772,2.5723437270082718e-23,0.043348941349984314,0.002232470479524191,0.009929054221750772,2.5723437270082718e-23,0.0,0.0,3.2916212076817726e-22,1.0,9260500.453183891,10.049999999999999,default,TrampOilTankZO,tramp_oil_tank
0.0015,0.05,0.001,0.9,0.008,0.003,0.002,1.0,5.9069053497942385e-08,0.475,30.0,0.05,0.06505143508027657,3.4,1.65,6.1e-06,1.1,3.63759,0.67,1.0,1.0,1.124346,3.49,0.79,1.02,0.44,0.88,0.15,1.53,7.072,0.12,0.97,0.510219804,1.3,0.08,0.14,0,0,0,0,0,0,0,0,0,9788928.473361444,0.0,0.0,0.0,0.0,10293058.289739558,145855.03425308553,1000000.0,0.7,100000.0,476.6449733807868,0.04766449733807868,5.218206108668607e-19,0.0,9788928.473361444,1.0515,0.014900000000000002,9788928.473361444,145855.03425308553,145855.03425308553,0.0,815433.247365581,14683.392710042166,489446.4236680722,9788.928473361444,8810.0356260253,78311.42778689155,29366.785420084332,19577.856946722888,0.05420583054107427,0.04233013224537523,0.0021800018106368263,0.009695696485062221,2.3762899538659332e-23,0.04233013224537523,0.0021800018106368263,0.009695696485062221,2.3762899538659332e-23,0.0,0.0,3.0407469754609094e-22,1.0,9788928.473361444,10.879166666666665,default,TrampOilTankZO,tramp_oil_tank
0.0015,0.05,0.001,0.9,0.008,0.003,0.002,1.0,5.9069053497942385e-08,0.475,30.0,0.05,0.06505143508027657,3.4,1.65,6.1e-06,1.1,3.63759,0.67,1.0,1.0,1.124346,3.49,0.79,1.02,0.44,0.88,0.15,1.53,7.072,0.12,0.97,0.510219804,1.3,0.08,0.14,0,0,0,0,0,0,0,0,0,10305397.993093,0.0,0.0,0.0,0.0,10836125.98973729,153550.43009708571,1000000.0,0.7,100000.0,512.9729510532405,0.05129729510532406,5.218206108668607e-19,0.0,10305397.993093,1.0515,0.014900000000000002,10305397.993093,153550.43009708571,153550.43009708571,0.0,858455.9764401787,15458.096989639502,515269.8996546501,10305.397993093002,9274.8581937837,82443.18394474401,30916.193979279004,20610.795986186004,0.05302444953331621,0.041407574398896335,0.002132490081543165,0.00948438505287672,2.2080046510832565e-23,0.041407574398896335,0.002132490081543165,0.00948438505287672,2.2080046510832565e-23,0.0,0.0,2.8254058195474855e-22,1.0,10305397.993093,11.708333333333332,default,TrampOilTankZO,tramp_oil_tank
0.0015,0.05,0.001,0.9,0.008,0.003,0.002,1.0,5.9069053497942385e-08,0.475,30.0,0.05,0.06505143508027657,3.4,1.65,6.1e-06,1.1,3.63759,0.67,1.0,1.0,1.124346,3.49,0.79,1.02,0.44,0.88,0.15,1.53,7.072,0.12,0.97,0.510219804,1.3,0.08,0.14,0,0,0,0,0,0,0,0,0,10811000.223306233,0.0,0.0,0.0,0.0,11367766.734806504,161083.90332726287,1000000.0,0.7,100000.0,549.3009287256942,0.05493009287256943,5.218206108668607e-19,0.0,10811000.223306233,1.0515,0.014900000000000002,10811000.223306233,161083.9033272629,161083.9033272629,0.0,900573.4430842557,16216.50033495935,540550.0111653117,10811.000223306233,9729.900200975611,86488.00178644987,32433.0006699187,21622.000446612466,0.05194711203919501,0.040566265666167015,0.002089162681807609,0.009291683691220404,2.0619784212508971e-23,0.040566265666167015,0.002089162681807609,0.009291683691220404,2.0619784212508971e-23,0.0,0.0,2.638547807553484e-22,1.0,10811000.223306233,12.5375,default,TrampOilTankZO,tramp_oil_tank
0.0015,0.05,0.001,0.9,0.008,0.003,0.002,1.0,5.9069053497942385e-08,0.475,30.0,0.05,0.06505143508027657,3.4,1.65,6.1e-06,1.1,3.63759,0.67,1.0,1.0,1.124346,3.49,0.79,1.02,0.44,0.88,0.15,1.53,7.072,0.12,0.97,0.510219804,1.3,0.08,0.14,0,0,0,0,0,0,0,0,0,11306661.661884371,0.0,0.0,0.0,0.0,11888954.737471417,168469.25876207714,1000000.0,0.7,100000.0,585.6289063981479,0.0585628906398148,5.218206108668607e-19,0.0,11306661.661884371,1.0515,0.014900000000000002,11306661.661884371,168469.25876207714,168469.25876207714,0.0,941862.8260390456,16959.992492826557,565333.0830942186,11306.661661884371,10175.995495695935,90453.29329507497,33919.984985653115,22613.323323768742,0.05095863153182559,0.03979434666444233,0.002049408853218778,0.00911487601416448,1.9340689119526034e-23,0.03979434666444233,0.002049408853218778,0.00911487601416448,1.9340689119526034e-23,0.0,0.0,2.474872304528814e-22,1.0,11306661.661884371,13.366666666666665,default,TrampOilTankZO,tramp_oil_tank
0.0015,0.05,0.001,0.9,0.008,0.003,0.002,1.0,5.9069053497942385e-08,0.475,30.0,0.05,0.06505143508027657,3.4,1.65,6.1e-06,1.1,3.63759,0.67,1.0,1.0,1.124346,3.49,0.79,1.02,0.44,0.88,0.15,1.53,7.072,0.12,0.97,0.510219804,1.3,0.08,0.14,0,0,0,0,0,0,0,0,0,11793177.587169994,0.0,0.0,0.0,0.0,12400526.23290925,175718.3460488329,1000000.0,0.7,100000.0,621.9568840706015,0.062195688407060155,5.218206108668607e-19,0.0,11793177.587169994,1.0515,0.014900000000000002,11793177.587169994,175718.34604883293,175718.34604883293,0.0,982390.3732501954,17689.76638075499,589658.8793584997,11793.177587169994,10613.859828452994,94345.42069735995,35379.53276150998,23586.355174339988,0.05004681275575939,0.039082293938943524,0.0020127381378555903,0.008951780678960276,1.8211015760328595e-23,0.039082293938943524,0.0020127381378555903,0.008951780678960276,1.8211015760328595e-23,0.0,0.0,2.3303170980124554e-22,1.0,11793177.587169994,14.195833333333331,default,TrampOilTankZO,tramp_oil_tank
0.0015,0.05,0.001,0.9,0.008,0.003,0.002,1.0,5.9069053497942385e-08,0.475,30.0,0.05,0.06505143508027657,3.4,1.65,6.1e-06,1.1,3.63759,0.67,1.0,1.0,1.124346,3.49,0.79,1.02,0.44,0.88,0.15,1.53,7.072,0.12,0.97,0.510219804,1.3,0.08,0.14,0,0,0,0,0,0,0,0,0,12271237.188021077,0.0,0.0,0.0,0.0,12903205.903204164,182841.43410151408,1000000.0,0.7,100000.0,658.2848617430552,0.06582848617430553,5.218206108668607e-19,0.0,12271237.188021077,1.0515,0.014900000000000002,12271237.188021077,182841.43410151405,182841.43410151405,0.0,1022213.4952412411,18406.855782031616,613561.8594010539,12271.237188021078,11044.11346921897,98169.89750416862,36813.71156406323,24542.474376042155,0.04920172710779937,0.03842235409705308,0.0019787512359982365,0.008800621774748047,1.7206026260521218e-23,0.03842235409705308,0.0019787512359982365,0.008800621774748047,1.7206026260521218e-23,0.0,0.0,2.2017166813445463e-22,1.0,12271237.188021077,15.024999999999999,default,TrampOilTankZO,tramp_oil_tank
0.0015,0.05,0.001,0.9,0.008,0.003,0.002,1.0,5.9069053497942385e-08,0.475,30.0,0.05,0.06505143508027657,3.4,1.65,6.1e-06,1.1,3.63759,0.67,1.0,1.0,1.124346,3.49,0.79,1.02,0.44,0.88,0.15,1.53,7.072,0.12,0.97,0.510219804,1.3,0.08,0.14,0,0,0,0,0,0,0,0,0,12741442.764232451,0.0,0.0,0.0,0.0,13397627.066590423,189847.49718706353,1000000.0,0.7,100000.0,694.612839415509,0.0694612839415509,5.218206108668607e-19,0.0,12741442.764232451,1.0515,0.014900000000000002,12741442.764232451,189847.49718706353,189847.49718706353,0.0,1061382.3645391266,19112.164146348678,637072.1382116226,12741.442764232452,11467.298487809207,101931.54211385961,38224.328292697355,25482.885528464903,0.04841519287005512,0.03780813791464443,0.0019471191026041886,0.008659935852806507,1.6306157870023523e-23,0.03780813791464443,0.0019471191026041886,0.008659935852806507,1.6306157870023523e-23,0.0,0.0,2.0865677668668683e-22,1.0,12741442.764232451,15.854166666666666,default,TrampOilTankZO,tramp_oil_tank
0.0015,0.05,0.001,0.9,0.008,0.003,0.002,1.0,5.9069053497942385e-08,0.475,30.0,0.05,0.06505143508027657,3.4,1.65,6.1e-06,1.1,3.63759,0.67,1.0,1.0,1.124346,3.49,0.79,1.02,0.44,0.88,0.15,1.53,7.072,0.12,0.97,0.510219804,1.3,0.08,0.14,0,0,0,0,0,0,0,0,0,13204324.632764013,0.0,0.0,0.0,0.0,13884347.351351362,196744.4370281838,1000000.0,0.7,100000.0,730.9408170879626,0.07309408170879628,5.218206108668607e-19,0.0,13204324.632764013,1.0515,0.014900000000000002,13204324.632764013,196744.43702818383,196744.43702818383,0.0,1099941.1573866268,19806.48694914602,660216.2316382007,13204.324632764014,11883.892169487614,105634.59706211211,39612.97389829204,26408.649265528027,0.047680394932240994,0.037234323371617875,0.0019175676536383212,0.008528503906984794,1.5495736936922955e-23,0.037234323371617875,0.0019175676536383212,0.008528503906984794,1.5495736936922955e-23,0.0,0.0,1.9828647235086e-22,1.0,13204324.632764013,16.683333333333334,default,TrampOilTankZO,tramp_oil_tank
0.0015,0.05,0.001,0.9,0.008,0.003,0.002,1.0,5.9069053497942385e-08,0.475,30.0,0.05,0.06505143508027657,3.4,1.65,6.1e-06,1.1,3.63759,0.67,1.0,1.0,1.124346,3.49,0.79,1.02,0.44,0.88,0.15,1.53,7.072,0.12,0.97,0.510219804,1.3,0.08,0.14,0,0,0,0,0,0,0,0,0,13660352.865388367,0.0,0.0,-4.6549576292562585e-38,-3.188866561658883e-35,14363861.037955869,203539.2576942867,1000000.0,0.7,100000.0,767.2687947604164,0.07672687947604165,5.218206108668607e-19,0.0,13660352.865388367,1.0515,0.014900000000000002,13660352.865388367,203539.2576942867,203539.2576942867,-3.188866561658883e-35,1137929.0315069868,20490.52929808255,683017.6432694184,13660.352865388368,12294.317578849532,109282.82292310694,40981.0585961651,27320.705730776735,0.046991601644413246,0.03669643453802862,0.0018898663787084732,0.008405300727676151,1.476205821923376e-23,0.03669643453802862,0.0018898663787084732,0.008405300727676151,1.476205821923376e-23,-1.3168654899700913e-42,-1.6850867691794893e-41,1.8889817637231582e-22,1.0,13660352.865388367,17.5125,default,TrampOilTankZO,tramp_oil_tank
0.0015,0.05,0.001,0.9,0.008,0.003,0.002,1.0,5.9069053497942385e-08,0.475,30.0,0.05,0.06505143508027657,3.4,1.65,6.1e-06,1.1,3.63759,0.67,1.0,1.0,1.124346,3.49,0.79,1.02,0.44,0.88,0.15,1.53,7.072,0.12,0.97,0.510219804,1.3,0.08,0.14,0,0,0,0,0,0,0,0,0,14109946.649073774,0.0,0.0,0.0,0.0,14836608.901501074,210238.20507119925,1000000.0,0.7,100000.0,803.5967724328701,0.08035967724328703,5.218206108668607e-19,0.0,14109946.649073774,1.0515,0.014900000000000002,14109946.649073774,210238.20507119925,210238.20507119925,0.0,1175380.90583865,21164.91997361066,705497.3324536887,14109.946649073774,12698.951984166397,112879.5731925902,42329.83994722132,28219.89329814755,0.046343950662571465,0.03619067433775946,0.0018638197283946153,0.008289456596417387,1.4094713924452406e-23,0.03619067433775946,0.0018638197283946153,0.008289456596417387,1.4094713924452406e-23,0.0,0.0,1.8035870860809705e-22,1.0,14109946.649073774,18.34166666666667,default,TrampOilTankZO,tramp_oil_tank
0.0015,0.05,0.001,0.9,0.008,0.003,0.002,1.0,5.9069053497942385e-08,0.475,30.0,0.05,0.06505143508027657,3.4,1.65,6.1e-06,1.1,3.63759,0.67,1.0,1.0,1.124346,3.49,0.79,1.02,0.44,0.88,0.15,1.53,7.072,0.12,0.97,0.510219804,1.3,0.08,0.14,0,0,0,0,0,0,0,0,0,14553481.836016279,0.0,0.0,0.0,0.0,15302986.150571117,216846.87935664254,1000000.0,0.7,100000.0,839.9247501053239,0.08399247501053239,5.218206108668607e-19,0.0,14553481.836016279,1.0515,0.014900000000000002,14553481.836016279,216846.87935664257,216846.87935664257,0.0,1212328.089464891,21830.22275402442,727674.091800814,14553.481836016279,13098.133652414652,116427.85468813023,43660.44550804884,29106.963672032558,0.04573328468031206,0.0357137962689472,0.0018392605078507843,0.008180227903514085,1.3485096869254402e-23,0.0357137962689472,0.0018392605078507843,0.008180227903514085,1.3485096869254402e-23,0.0,0.0,1.7255792986151776e-22,1.0,14553481.836016279,19.170833333333334,default,TrampOilTankZO,tramp_oil_tank
0.0015,0.05,0.001,0.9,0.008,0.003,0.002,1.0,5.9069053497942385e-08,0.475,30.0,0.05,0.06505143508027657,3.4,1.65,6.1e-06,1.1,3.63759,0.67,1.0,1.0,1.124346,3.49,0.79,1.02,0.44,0.88,0.15,1.53,7.072,0.12,0.97,0.510219804,1.3,0.08,0.14,0,0,0,0,0,0,0,0,0,14991297.096412003,0.0,0.0,5.723484134352714e-42,3.9208614364611076e-39,15763348.896877222,223370.32673653887,1000000.0,0.7,100000.0,876.2527277777775,0.08762527277777776,5.218206108668607e-19,0.0,14991297.096412003,1.0515,0.014900000000000002,14991297.096412003,223370.32673653887,223370.32673653887,3.9208614364611076e-39,1248798.7941494966,22486.945644618005,749564.8548206002,14991.297096412003,13492.167386770803,119930.37677129603,44973.89128923601,29982.594192824006,0.04515602381347812,0.03526300474727418,0.0018160447444846262,0.008076974321719324,1.2926027228216561e-23,0.03526300474727418,0.0018160447444846262,0.008076974321719324,1.2926027228216561e-23,1.4177665227068653e-46,1.8142000404894598e-45,1.65403965686009e-22,1.0,14991297.096412003,20.0,default,TrampOilTankZO,tramp_oil_tank
